code,title,image_url,page_url,views,date_scraped
C-2497-RM,First Time Amateur Wife Group Interview [Uncensored L**ked],https://cdn001.imggle.net/webp/poster/07052026/587eae02c6.webp,https://javct.net/v/c-2497-rm,122,2026-08-16
RCTD-697-RM,Follow the instructions and cum in 10 seconds! Ultimate JOI Masturbation Instructions SP4 [Uncensored L**ked],https://cdn001.imggle.net/webp/poster/09052025/1760548872.webp,https://javct.net/v/rctd-697-rm,121,2026-08-16
DANDY-441-RM,"""Sorry For Having Big Tits"" A Dental Hygienist/Trainer/Nurse/Therapist Apologizes For Brushing Her Huge Rack Up Against Someone By Squeezing His Hard Cock, Only She's So Sensitive She Ends Up Wanting Him To Fuck Her vol. 1 [Uncensored L**ked]",https://cdn001.imggle.net/webp/poster/20221202/1648656977.webp,https://javct.net/v/dandy-441-rm,220,2026-08-16
JUY-404-RM,A Working Married Woman An Office Lady's Secret Sexual Habits I Was Attracted To My Loser Boss Yuriko Mogami [Uncensored L**ked],https://cdn001.imggle.net/webp/poster/20221904/1652889704.webp,https://javct.net/v/juy-404-rm,119,2026-08-16
HUNTB-022-RM,"""Would You Let Me Stay With You, For At Least A Week?"" A Girl With Issues (Your Sister-In-Law, Your Step Cousin, Your Boss ... Etc.) You Get To Spend A Week Living Together And Creampie Fucking As Much As You Want! [Uncensored L**ked]",https://cdn002.imggle.net/webp/poster/huntb-022.webp,https://javct.net/v/huntb-022-rm,240,2026-08-16
HUNBL-046-RM,"Accosting A Woman, Pushing Her Up Against The Wall And Cumming On Her Bare Thighs Before Sticking My Cum Covered Dick In Her Pussy And Fucking Her Raw [Uncensored L**ked]",https://cdn002.imggle.net/webp/poster/hunbl-046.webp,https://javct.net/v/hunbl-046-rm,135,2026-08-16
JUY-858-RM,A Work Experience Cuckold Seminar Shocking Infidelity Videos Of Horny Housewives Who Fall For College Student Interns Nanami Matsumoto [Uncensored L**ked],https://cdn001.imggle.net/webp/poster/20220406/1656465953.webp,https://javct.net/v/juy-858-rm,119,2026-08-16
JUNY-003-RM,"A Voluptuous Maid With Colossal Tits Services You In A Tight, Sexy Costume. Hime Ichimaru [Uncensored L**ked]",https://cdn001.imggle.net/webp/poster/20221108/1661343217.webp,https://javct.net/v/juny-003-rm,157,2026-08-16
HUNBL-040-RM,"Long-Distance Shame She Got A Remote-Controlled Vibrator Plunged Into Her Pussy, And Now She's Trying Desperately Not To Cum While Working, As Her Cunt Begins To Drip And Dribble [Uncensored L**ked]",https://cdn002.imggle.net/webp/poster/hunbl-040.webp,https://javct.net/v/hunbl-040-rm,158,2026-08-16
MIST-146-RM,Dangerous Day!! Maid With Big Tits Can Get Pregnant [Uncensored L**ked],https://cdn001.imggle.net/webp/poster/20220707/1659318934.webp,https://javct.net/v/mist-146-rm,146,2026-08-16
MKD-234-RM,The AV Debut Of A 130cm P-cup Izakaya Signboard Girl! Kazamatsuri [Uncensored L**ked],https://cdn001.imggle.net/webp/poster/20212011/1644641704.webp,https://javct.net/v/mkd-234-rm,119,2026-08-16
MKD-233-RM,The Sexy And Attractive Fifty-Something Beautician Makes Her Adult Video Debut! Tomoka Ando. [Uncensored L**ked],https://cdn001.imggle.net/webp/poster/20212011/1643611181.webp,https://javct.net/v/mkd-233-rm,119,2026-08-16
PKPD-138-RM,I Picked Up A Girl With F-Cup Tits Who I Found In The Office District And Fucked Her Raw Minami Haruhana [Uncensored L**ked],https://cdn002.imggle.net/webp/poster/pkpd-138.webp,https://javct.net/v/pkpd-138-rm,139,2026-08-16
VRTM-327-RM,"When I Called A Housekeeper Over To My Bachelor Pad She Turned Out To Be Totally Stacked! Her Big Tits Gave Me Wood, And She Felt So Bad For Me She Gave Me A Handjob! Only My Huge Dick Turned Her On So Much She Couldn't Stop There - She Had To Ride It Cowgirl Style! Grinding Away And Begging For My Creampie! 2 [Uncensored L**ked]",https://cdn001.imggle.net/webp/poster/20221108/1663504006.webp,https://javct.net/v/vrtm-327-rm,220,2026-08-16
GVG-404-RM,The Sexy PTA Chairwoman And The Student Council Brats [Uncensored L**ked],https://cdn001.imggle.net/webp/poster/20220406/1656676520.webp,https://javct.net/v/gvg-404-rm,133,2026-08-16
VOSS-009-RM,"I Was Being Bullied For Having A Big Dick, So I Stopped Going To School, And When My Female Teacher Came To Visit Because She Was Worried About Me, She Took One Look At My Huge Cock And Got Hot And Horny 2 Hisae Yabe [Uncensored L**ked]",https://cdn001.imggle.net/webp/poster/20212011/1643856572.webp,https://javct.net/v/voss-009-rm,99,2026-08-16
JUY-949-RM,A G-Cup Titty Married Woman Is Continuously Getting Fucked Raw Endless Ejaculations!! Ultra High-Class Creampie Baths Chikako Maru [Uncensored L**ked],https://cdn001.imggle.net/webp/poster/20221202/1649812871.webp,https://javct.net/v/juy-949-rm,115,2026-08-16
GVG-373-RM,The Sexy PTA Chairwoman And The Naughty Student Council Yuna Takase [Uncensored L**ked],https://cdn001.imggle.net/webp/poster/20221904/1652315847.webp,https://javct.net/v/gvg-373-rm,136,2026-08-16
MAZO-016-RM,"Department Store Receptionist, 27 Years Old, Tied Up With Chains, Womanizer Uterus Convulsions, Pure M, Gokubi Dcup, God's Constriction, Creampie During Lunch Break [Uncensored L**ked]",https://cdn001.imggle.net/webp/poster/05192026/506c6c50e1.webp,https://javct.net/v/mazo-016-rm,75,2026-08-16
JUY-194-RM,The Coincidental Secret Room A Married Woman Female Doctor And Her Patient Nozomi Tanihara [Uncensored L**ked],https://cdn001.imggle.net/webp/poster/20212011/1640801270.webp,https://javct.net/v/juy-194-rm,118,2026-08-16
SDDE-411-RM,"No Matter How Many Times They Fuck She's Still Horny. Countless Rounds Of Orgasmic Sex. One Night, Two Day Hotel Stay Of Ecstasy - 12 Loads In All! [Uncensored L**ked]",https://cdn001.imggle.net/webp/poster/20220406/1654569935.webp,https://javct.net/v/sdde-411-rm,151,2026-08-16
MAZO-008-RM,Manners Instructor 26 Years Old Dildo Electric Demon Leverage Cheating SEX Continues Even During Engagement Perverted Woman Who Becomes A Semen Toilet Uterus Trampling Exciting Climax [Uncensored L**ked],https://cdn001.imggle.net/webp/poster/05192026/6e988e4fda.webp,https://javct.net/v/mazo-008-rm,78,2026-08-16
GVG-801-RM,A Sexy Weather Girl Elder Sister And Her Bad Boys Mari Takasugi [Uncensored L**ked],https://cdn001.imggle.net/webp/poster/20212011/1643623764.webp,https://javct.net/v/gvg-801-rm,136,2026-08-16
JUL-489-SUB,"A Madonna Label Exclusive Kana Mito She's Lifting Her Lesbian Ban!! While On A Business Trip, To Her Surprise, She Was Booked Into The Same Room At The Business Hotel With Her Cute Colleague, Whom She Discovered, To Her Further Surprise, That She Was A Lesbian. [English Subtitle]",https://cdn001.imggle.net/webp/poster/20212709/1636394681.webp,https://javct.net/v/jul-489-sub,166,2026-08-16
