code,title,size,image_url,torrent_url,tags,actresses,date,page_url
SNOS334,最強ビジュOLさん、出張先で死ぬほど嫌いな中年上司と相部屋… でも過激セクハラにまさかの快楽堕ちしちゃう！ 瀬戸環奈,7.1 GB,https://pics.dmm.co.jp/mono/movie/adult/snos334/snos334pl.jpg,https://onejav.com/torrent/snos334/download/05652347/onejav.com_snos334.torrent,"Bath, Big Tits, Cuckold, POV, Slender, Solowork",瀬戸環奈,2026-08-07,https://onejav.com/torrent/snos334
FC2PPV4955168,FC2-PPV-4955168 【激レア】女子アナ志望『高偏差値大学在籍 Fカップ美人JD』危険日NTR2連続孕ませ中出し。超希少プライベートガチハメ撮り。※残りわずか,3.8 GB,https://contents-thumbnail2.fc2.com/w1280/storage201000.contents.fc2.com/file/393/39269224/1786007233.68.jpg,https://onejav.com/torrent/fc2ppv4955168/download/39067390/onejav.com_fc2ppv4955168.torrent,"Amateur, Beautiful Girl, Big Tits, Blow, Breasts, Close Up, Creampie, FC2, POV, Slender",,2026-08-07,https://onejav.com/torrent/fc2ppv4955168
IPZZ932,仕事が終わらず普段厳しい社長秘書の家へお泊まり…酒の勢いで襲ってしまったら僕のチ●ポで感じまくる普段とのギャップが可愛過ぎて翌日も朝勃ち止まらずヤリまくってしまった,3.5 GB,https://pics.dmm.co.jp/mono/movie/adult/ipzz932/ipzz932pl.jpg,https://onejav.com/torrent/ipzz932/download/12701538/onejav.com_ipzz932.torrent,"Acme · Orgasm, Blow, OL, Older Sister, Solowork",Karen Kaede,2026-08-07,https://onejav.com/torrent/ipzz932
IPZZ958,高嶺のJcupボディ ひなの花音 中出し解禁大乱交 ノーカットSP 総勢16名20発オーバーの大ザーメン祭り！！！,5.3 GB,https://pics.dmm.co.jp/mono/movie/adult/ipzz958/ipzz958pl.jpg,https://onejav.com/torrent/ipzz958/download/43395307/onejav.com_ipzz958.torrent,"Big Tits, Blow, Creampie, Older Sister, Orgy, Solowork",ひなの花音,2026-08-07,https://onejav.com/torrent/ipzz958
IPZZ946,妻子の帰省中、息子が通う園で働く元後輩保育士の 真面目なのにむっつり隠れMな一面に興奮し 妻子いない自宅で最低で最高な絶倫不倫性交 永野紬,3.0 GB,https://pics.dmm.co.jp/mono/movie/adult/ipzz946/ipzz946pl.jpg,https://onejav.com/torrent/ipzz946/download/11332104/onejav.com_ipzz946.torrent,"Acme · Orgasm, Affair, Cowgirl, Drama, Slender, Solowork",永野紬,2026-08-07,https://onejav.com/torrent/ipzz946
SNOS321,弱みを握られた元グラドルの水泳部顧問は今日もギリギリ限界の水着で犯●れる 紫堂るい,7.2 GB,https://pics.dmm.co.jp/mono/movie/adult/snos321/snos321pl.jpg,https://onejav.com/torrent/snos321/download/27230808/onejav.com_snos321.torrent,"Facials, Female Teacher, Idol, Orgy, Solowork, Swimsuit",紫堂るい,2026-08-07,https://onejav.com/torrent/snos321
SNOS309,大停電の夜に…美人上司と二人きり 憧れの巨乳と色気と暗闇に理性を失い夜が明けるまで一晩中射精しまくった 金松季歩,4.4 GB,https://pics.dmm.co.jp/mono/movie/adult/snos309/snos309pl.jpg,https://onejav.com/torrent/snos309/download/30200432/onejav.com_snos309.torrent,"Big Tits, Cuckold, Drama, Idol, OL, Solowork",金松季歩,2026-08-07,https://onejav.com/torrent/snos309
SNOS361,M男カレシの乳首を長い手足でずっと責め続けるエッチな年上彼女の24時間ち・く・び責めデート,8.3 GB,https://pics.dmm.co.jp/mono/movie/adult/snos361/snos361pl.jpg,https://onejav.com/torrent/snos361/download/11215162/onejav.com_snos361.torrent,"Beautiful Girl, Date, Slender, Slut, Solowork, Tall",Fuua Kaede,2026-08-07,https://onejav.com/torrent/snos361
SNOS353,,5.6 GB,https://pics.dmm.co.jp/mono/movie/adult/snos353/snos353pl.jpg,https://onejav.com/torrent/snos353/download/98135036/onejav.com_snos353.torrent,,,2026-08-07,https://onejav.com/torrent/snos353
ROYD340,逆セクハラ常習犯の姉は職場でのSEXしか興奮できない性欲モンスターだった。 鳳みゆ,3.0 GB,https://pics.dmm.co.jp/mono/movie/adult/royd340/royd340pl.jpg,https://onejav.com/torrent/royd340/download/18810478/onejav.com_royd340.torrent,"Big Tits, Blow, Creampie, Sister, Slut, Solowork",鳳みゆ,2026-08-07,https://onejav.com/torrent/royd340
