page_url,image_url
https://jav.guru/1023778/sgki-100-magic-mirror-van-meets-the-orgasm-bicycle-married-women-on-city-bikes-only-cumming-nonstop-from-dildo-pistons-with-massive-public-squirting-climaxes/,https://cdn.javmiku.com/wp-content/uploads/2026/07/1sgki00100pl-1-550x374.jpg
https://jav.guru/1023841/dldss-524-the-thirteenth-day-of-abstinence-psycho-bosss-thirteen-creampies-in-an-overtime-horror-show-mitsuha-chiharu/,https://cdn.javmiku.com/wp-content/uploads/2026/07/1dldss524pl-550x374.jpg
https://jav.guru/1024050/tcd-341-forbidden-cock-lesbians-traps-swapping-mutual-anal-creampies-kondo-mumu-hibiki-aoi/,https://cdn.javmiku.com/wp-content/uploads/2026/07/tcd341pl-550x374.jpg
https://jav.guru/1024054/scd-249-daughter-takes-care-of-her-father-6-izumi-ryouko-shizuki-yukari/,https://cdn.javmiku.com/wp-content/uploads/2026/07/scd249pl-550x374.jpg
https://jav.guru/1024057/onex-124-secret-day-trip-affair-where-i-obey-every-command-5-amane-koa-touka-yuuuri-kawana-ai/,https://cdn.javmiku.com/wp-content/uploads/2026/07/h_1674onex124pl-550x374.jpg
https://jav.guru/1024062/nsfs-499-ai-remastered-the-big-breasted-cheating-wifes-secret-she-cant-let-her-husband-discover-asuka-mitsuki-hujiki-orie-takahashi-yura-sinoda-ayumi-saijo-sara/,https://cdn.javmiku.com/wp-content/uploads/2026/07/nsfs499pl-550x374.jpg
https://jav.guru/1024068/husr-305-the-national-treasure-blonde-with-the-ultimate-smile-i-found-overseas-turned-out-to-be-a-total-pervert-liz-ocean-tahlia-lane-kawaii-anba-fosu-gureita/,https://cdn.javmiku.com/wp-content/uploads/2026/07/57husr305pl-550x374.jpg
https://jav.guru/1024075/emlb-092-beyond-the-true-anal-addict-she-rips-her-hole-devouring-fists-the-second-she-sees-them-and-cums-until-her-mind-blanks-out-in-this-ultimate-anal-fisting-fuck-collection-aikawa-mika-nagase/,https://cdn.javmiku.com/wp-content/uploads/2026/07/emlb092pl-550x374.jpg
https://jav.guru/1024082/ankb-044-big-breasted-beauty-whose-sensitive-nipples-get-instantly-wet-when-her-tits-are-teased-momoki-yua/,https://cdn.javmiku.com/wp-content/uploads/2026/07/ankb044pl-550x374.jpg
https://jav.guru/1024086/abf-374-unrivaled-alice-shaku-alice/,https://cdn.javmiku.com/wp-content/uploads/2026/07/118abf374pl-550x374.jpg
https://jav.guru/1024087/abf-373-ultimate-slippery-orgasm-suzumura-airi/,https://cdn.javmiku.com/wp-content/uploads/2026/07/118abf373pl-550x374.jpg
https://jav.guru/1025173/waaa-678-orgasmic-golden-shower-slut-drenches-you-in-a-dripping-bukkake-of-pee-saliva-sweat-and-pussy-juice-at-the-sensual-salon-aizawa-miyu/,https://cdn.javmiku.com/wp-content/uploads/2026/07/waaa678pl-550x374.jpg
https://jav.guru/1025174/waaa-676-weekend-heart-fluttering-teen-romance-sex-dressing-my-older-wife-in-a-uniform-to-reboot-her-raging-libido-with-19-creampies-ootsuki-hibiki/,https://cdn.javmiku.com/wp-content/uploads/2026/07/waaa676pl-550x374.jpg
https://jav.guru/1025179/waaa-671-after-school-only-premium-private-quickie-reflexology-with-a-beautiful-girl-featuring-slow-teasing-handjobs-mind-blowing-deep-kisses-secret-raw-sex-and-brain-melting-full-body-slut-servi/,https://cdn.javmiku.com/wp-content/uploads/2026/07/waaa671pl-550x374.jpg
https://jav.guru/1025180/waaa-670-slutty-gals-ultra-close-whispering-seduction-in-a-risky-ntr-scenario-where-getting-caught-means-its-over-but-she-cant-resist-haruhi-moka/,https://cdn.javmiku.com/wp-content/uploads/2026/07/waaa670pl-550x374.jpg
https://jav.guru/1025181/waaa-669-even-with-my-wife-nearby-my-sister-in-law-cheats-with-me-at-home-whispering-filthy-words-only-i-can-hear-while-riding-me-in-tight-cowgirl-hasumi-kurea/,https://cdn.javmiku.com/wp-content/uploads/2026/07/waaa669pl-550x374.jpg
https://jav.guru/1025184/venx-379-my-parents-seemed-close-but-were-actually-sexless-so-mom-sneaks-into-my-bed-with-no-one-to-confide-in-and-unleashes-her-pent-up-lust-in-a-creampie-frenzy-kiuchise-aoi/,https://cdn.javmiku.com/wp-content/uploads/2026/07/venx379pl-550x374.jpg
https://jav.guru/1025209/npjs-271-concept-cafe-girl-opens-the-door-to-spill-her-secret-a-private-backroom-orgy-event-loaded-with-extra-body-fluids-watarai-fuu-hanamori-kaho/,https://cdn.javmiku.com/wp-content/uploads/2026/07/npjs271pl-550x374.jpg
https://jav.guru/1025211/mngs-057-cheap-rent-share-house-for-horny-girls-with-onahole-privileges-allowing-anytime-bukkake-on-face-tits-pussy-or-ass/,https://cdn.javmiku.com/wp-content/uploads/2026/07/mngs057pl-550x374.jpg
https://jav.guru/1025214/mifd-734-i-broke-in-this-new-blonde-gyaru-tomboy-and-made-her-av-debut/,https://cdn.javmiku.com/wp-content/uploads/2026/07/mifd734pl-550x374.jpg
https://jav.guru/1025215/mifd-733-innocent-148cm-girl-loves-the-perverted-old-man-who-licks-her-all-over-until-she-cums-her-slender-body-convulses-wildly-with-ahegao-ecstasy-in-her-av-debut/,https://cdn.javmiku.com/wp-content/uploads/2026/07/mifd733pl-550x374.jpg
https://jav.guru/1025216/mida-762-explosive-orgasms-from-massive-cock-thrusting-expand-the-limits-of-her-first-time-pussy-pleasure-ishikawa-mio/,https://cdn.javmiku.com/wp-content/uploads/2026/07/mida762pl-550x374.jpg
https://jav.guru/1025218/mida-739-non-stop-massive-cumshots-and-a-cum-drenched-bukkake-creampie-gangbang-sasakura-hiyori/,https://cdn.javmiku.com/wp-content/uploads/2026/07/mida739pl-550x374.jpg
https://jav.guru/1025225/mida-729-face-focused-ultimate-full-course-from-an-irresistibly-cute-maid-who-whispers-filthy-dirty-talk-from-10cm-away-while-sensually-licking-every-inch-of-your-body/,https://cdn.javmiku.com/wp-content/uploads/2026/07/mida729pl-550x374.jpg
https://jav.guru/1025226/mida-728-i-gave-in-to-my-students-seduction-and-had-sex-with-her-over-and-over-at-a-love-hotel-after-school/,https://cdn.javmiku.com/wp-content/uploads/2026/07/mida728pl-550x374.jpg
https://jav.guru/1025231/mida-716-new-h-cup-college-girl-with-tan-lines-makes-her-exclusive-av-debut/,https://cdn.javmiku.com/wp-content/uploads/2026/07/mida716pl-550x374.jpg
https://jav.guru/1025232/lulu-448-couldnt-resist-my-big-ass-college-nieces-unaware-steamy-body-odor-seduction-while-she-focused-on-club-activities-so-i-quickly-fucked-her-and-licked-every-inch-of-her-athlete-pheromones/,https://cdn.javmiku.com/wp-content/uploads/2026/07/lulu448pl-550x374.jpg
https://jav.guru/1025234/lulu-446-a-big-ass-part-timer-with-a-dazzling-youthful-smile-came-to-stay-for-just-one-night-and-her-defenseless-ass-proved-impossible-to-resist-so-i-fucked-her-on-the-spot-but-with-my-much-older/,https://cdn.javmiku.com/wp-content/uploads/2026/07/lulu446pl-550x374.jpg
https://jav.guru/1025237/jufe-627-old-mans-pov-documentary-greedily-devouring-her-with-thick-dripping-fluids-in-sweaty-sex-otoda-eri/,https://cdn.javmiku.com/wp-content/uploads/2026/07/jufe627pl-550x374.jpg
https://jav.guru/1025238/jjda-077-married-nurses-forbidden-hospital-affair-relieving-the-pent-up-sexual-needs-of-hospitalized-patients-hatano-yui/,https://cdn.javmiku.com/wp-content/uploads/2026/07/jjda077pl-550x374.jpg
https://jav.guru/1025242/dvmm-430-take-me-somewhere-naughty-taxi-driver-an-av-actress-fulfills-her-wildest-desires-in-this-anything-goes-sex-documentary-usami-sui-kurosaki-hana-nijimura-yumi/,https://cdn.javmiku.com/wp-content/uploads/2026/07/dvmm430pl-550x374.jpg
https://jav.guru/1025244/dvmm-428-three-big-ass-office-lady-coworkers-get-their-anuses-pumped-full-of-milk-to-the-limit-and-try-playing-milk-enema-daruma-san-ga-koronda-where-squirting-means-instant-huge-cock-insertion-but/,https://cdn.javmiku.com/wp-content/uploads/2026/07/dvmm428pl-550x374.jpg
https://jav.guru/1025246/dvmm-425-in-this-ordinary-couple-monitoring-av-the-admired-big-ass-track-team-senior-tries-to-deflower-her-huge-dicked-virgin-junior-with-nonstop-nipple-teasing-and-spider-cowgirl-while-her-boyfrien/,https://cdn.javmiku.com/wp-content/uploads/2026/07/dvmm425pl-550x374.jpg
https://jav.guru/1025248/djdk-021-barely-erotic-underboob-dancer-schoolgirl-edition-2-cant-resist-the-underboob-spilling-out-of-that-slutty-uniform-plus-wedgied-panties-creating-extra-camel-toe-on-a-hyped-up-gal-schoolgi/,https://cdn.javmiku.com/wp-content/uploads/2026/07/29djdk021pl-550x374.jpg
https://jav.guru/1025249/digi-164-hyper-highleg-queen-012/,https://cdn.javmiku.com/wp-content/uploads/2026/07/434digi164sopl-550x374.jpg
https://jav.guru/1025250/dfgr-003-tongue-kissing-maniax-my-saliva-tastes-so-sweet-and-delicious-right-vol-2-mizushima-azumi-kawakami-yuu-sawamura-reiko-amamiya-kotone-hojo-maki-ootsuki-hibiki-takigawa-kanon/,https://cdn.javmiku.com/wp-content/uploads/2026/07/30dfgr003pl-550x374.jpg
https://jav.guru/1025251/club-934-luxury-hotel-womans-elegant-pussy-gets-relentlessly-pounded-in-a-creampie-rape-orgy-video-yorimoto-shiori/,https://cdn.javmiku.com/wp-content/uploads/2026/07/club934pl-550x374.jpg
https://jav.guru/1025252/club-929-busty-gal-stalked-secretly-filmed-and-raped-while-unconscious-shirahama-kaho/,https://cdn.javmiku.com/wp-content/uploads/2026/07/club929pl-550x374.jpg
https://jav.guru/1025253/club-928-clingy-stalker-films-hidden-camera-rape-of-unconscious-former-idol-wife-honzyou-hana/,https://cdn.javmiku.com/wp-content/uploads/2026/07/club928pl-550x374.jpg
https://jav.guru/1025254/club-925-stalking-and-secretly-filming-a-beautiful-marunouchi-office-lady-before-dosing-her-with-aphrodisiacs-for-rough-sex-kuninaka-arina/,https://cdn.javmiku.com/wp-content/uploads/2026/07/club925pl-550x374.jpg
https://jav.guru/1025257/cawb-025-new-part-timers-come-with-guaranteed-pussy-my-pure-girlfriend-gets-eagerly-passed-around-all-night-by-the-entire-sleazy-staff-at-her-first-jobs-welcome-party-asami-nami/,https://cdn.javmiku.com/wp-content/uploads/2026/07/cawb025pl-550x374.jpg
https://jav.guru/1025266/atid-695-female-boss-kept-cumming-from-her-incompetent-subordinates-clit-sucker-until-her-lower-body-shook-uncontrollably/,https://cdn.javmiku.com/wp-content/uploads/2026/07/atid695pl-550x374.jpg
https://jav.guru/1025268/atid-680-you-were-a-girl-id-always-thought-you-were-a-boy-but-learning-the-truth-left-me-so-horny-i-couldnt-stop/,https://cdn.javmiku.com/wp-content/uploads/2026/07/atid680pl-550x374.jpg
https://jav.guru/1025270/atid-656-the-three-succubus-sisters-nozomi-arimura-hirose-riona/,https://cdn.javmiku.com/wp-content/uploads/2026/07/atid656pl-550x374.jpg
https://jav.guru/1025273/adn-797-licking-violation-father-in-laws-desire-9/,https://cdn.javmiku.com/wp-content/uploads/2026/07/adn797pl-550x374.jpg
https://jav.guru/1025274/adn-795-i-started-seeing-my-tomboy-friend-with-her-hidden-huge-breasts-as-a-woman/,https://cdn.javmiku.com/wp-content/uploads/2026/07/adn795pl-550x374.jpg
https://jav.guru/1025276/adn-791-please-fuck-me-with-the-intention-of-getting-me-pregnant-this-older-man-loving-beauty-drains-her-bosss-seed-with-impregnation-dirty-talk-in-deep-addictive-sex/,https://cdn.javmiku.com/wp-content/uploads/2026/07/adn791pl-550x374.jpg
https://jav.guru/1025277/adn-788-i-cant-tell-my-late-husband-that-i-got-pregnant-after-sleeping-with-my-father-in-law-every-day-to-fill-the-loneliness-natsume-iroha/,https://cdn.javmiku.com/wp-content/uploads/2026/07/adn788pl-550x374.jpg
https://jav.guru/1033982/nact-164-bought-by-a-dominant-girl-a-complete-record-of-submission-as-im-collared-and-brought-to-pleasure-through-foot-worship-kisaki-nana/,https://cdn.javmiku.com/wp-content/uploads/2026/08/h_237nact164pl-550x374.jpg
https://jav.guru/1033984/nact-162-caught-in-the-moment-a-busty-beauty-gets-aroused-by-a-mans-erection-and-eagerly-engages-in-unexpected-encounters-yamamoto-kotone/,https://cdn.javmiku.com/wp-content/uploads/2026/08/h_237nact162pl-550x374.jpg
https://jav.guru/1034001/iesp-459-incredible-wetting-volume-3-tsuji-saki/,https://cdn.javmiku.com/wp-content/uploads/2026/08/1iesp459pl-550x374.jpg
https://jav.guru/1034017/clot-041-seductive-black-pantyhose-female-boss-hatano-yui/,https://cdn.javmiku.com/wp-content/uploads/2026/08/h_237clot041pl-550x374.jpg
https://jav.guru/1034261/vnds-2777-granddaughter-tormented-by-her-grandfather-and-his-friends-hinaki-anzu/,https://cdn.javmiku.com/wp-content/uploads/2026/08/h_170vnds2777pl-550x374.jpg
https://jav.guru/1034287/hunt-772-a-pure-schoolgirl-gets-secretly-druggd-on-her-bike-saddle-leading-her-to-ride-while-aroused-kohaku-uta-arimura-chika-shinomiya-yuri-takigawa-kanon/,https://cdn.javmiku.com/wp-content/uploads/2026/08/1hunt772pl-550x374.jpg
https://jav.guru/1034288/hunt-769-a-busty-nurse-in-a-revealing-bra-under-her-uniform-secretly-welcomes-the-sexual-advances-from-her-patients-instead-of-rejecting-them-otowa-reon-hinata-umi/,https://cdn.javmiku.com/wp-content/uploads/2026/08/1hunt769pl-550x374.jpg
https://jav.guru/1034289/hunt-768-what-happens-to-a-mans-anatomy-after-40-years-without-casual-conversations-with-women-becoming-a-teacher-at-an-all-girls-school-brought-unexpected-benefits-aoi-koharu-fukusaki-ren/,https://cdn.javmiku.com/wp-content/uploads/2026/08/1hunt768pl-550x374.jpg
https://jav.guru/1034292/hunt-761-on-the-night-before-my-beloved-sisters-wedding-i-sneak-into-her-bed-for-an-intimate-encounter-arimura-chika-ashina-yuria-saki-sudo-takigawa-kanon/,https://cdn.javmiku.com/wp-content/uploads/2026/08/1hunt761pl-550x374.jpg
https://jav.guru/1034294/hunt-759-suffocated-by-huge-breasts-while-sleeping-between-my-two-sisters-i-found-myself-unable-to-move-and-they-secretly-helped-me-out-satou-haruki-nagakura-yuri/,https://cdn.javmiku.com/wp-content/uploads/2026/08/1hunt759pl-550x374.jpg
https://jav.guru/1034295/hunt-758-a-young-wife-believes-her-husbands-lack-of-interest-is-due-to-her-weight-gain-so-she-desperately-diets-tomoda-ayaka-mizumi-saki-hoshizaki-aya-yuina-saho-saeki-haruna/,https://cdn.javmiku.com/wp-content/uploads/2026/08/1hunt758pl-550x374.jpg
https://jav.guru/1034296/hunt-756-on-a-crowded-train-during-rush-hour-i-couldnt-help-but-get-aroused-by-an-incredibly-cute-girl-right-in-miura-mai-minami-riona-aika-saya-sunohara-miki-momota-mayuka-fujimiya-uduki/,https://cdn.javmiku.com/wp-content/uploads/2026/08/1hunt756pl-550x374.jpg
https://jav.guru/1034303/hunt-680-a-lackluster-tutor-frequently-comes-over-to-sleep-at-my-house-maki-azusa-arima-yuu-serizawa-tsumugi-minami-sugano-saeki-haruna/,https://cdn.javmiku.com/wp-content/uploads/2026/08/1hunt680pl-550x374.jpg
https://jav.guru/1034311/hunt-639-i-finally-lost-my-virginity-to-a-beautiful-tutor-who-despite-her-looks-kitagawa-erika-azumi-ren-saionji-reo-kaoru-mirei/,https://cdn.javmiku.com/wp-content/uploads/2026/08/1hunt00639pl-550x374.jpg
https://jav.guru/1034314/hunt-607-a-schoolgirl-in-black-tights-offers-secret-foot-jobs-for-quick-cash-kashiwagi-suzu-takei-maki-oomori-mirei-momose-nonoka-ninomiya-marin-takamura-hiyona/,https://cdn.javmiku.com/wp-content/uploads/2026/08/HUNT607-550x374.jpg
https://jav.guru/1034322/fns-242-unprotected-release-allowed-intense-multiple-internal-ejaculations-in-a-chaotic-11-person-orgy-right-after-shinomiya-rui/,https://cdn.javmiku.com/wp-content/uploads/2026/08/1fns00242pl-550x374.jpg
https://jav.guru/1034324/dvap-013-after-school-beautiful-girl-h-yumiko-the-seductive-angel-2-yumiko-takeuchi/,https://cdn.javmiku.com/wp-content/uploads/2026/08/4dvap013pl-550x374.jpg
https://jav.guru/1034458/yoch-034-a-50-year-old-woman-becomes-infatuated-with-a-much-younger-man-exposing-herself-in-public-and-embracing-her-desires-mihara-sumire/,https://cdn.javmiku.com/wp-content/uploads/2026/08/h_086yoch034pl-550x374.jpg
https://jav.guru/1034459/umd-1015-the-elegant-woman-in-pantyhose-miyanisi-hikaru-yui-hina-haduki-mayu/,https://cdn.javmiku.com/wp-content/uploads/2026/08/125umd1015pl-550x374.jpg
https://jav.guru/1034460/umd-1014-i-was-unexpectedly-pleasured-by-a-frustrated-neighbors-wife-leading-to-multiple-releases-and-an-unexpected-first-experience-toono-miho-fujimori-riho-kitano-mina/,https://cdn.javmiku.com/wp-content/uploads/2026/08/125umd1014pl-550x374.jpg
https://jav.guru/1034461/sw-1062-slender-cousin-offers-plenty-of-kisses-and-intimate-moments-inviting-you-to-enjoy-a-playful-experience-together-natsushiro-maya-minami-haru-yuri-ryo/,https://cdn.javmiku.com/wp-content/uploads/2026/08/1sw1062pl-550x374.jpg
https://jav.guru/1034462/sw-1061-a-curvy-housewife-seduces-in-black-pantyhose-leading-to-an-embarrassingly-awkward-encounter-akari-nonoka-nishino-emi-shiramine-ikumi/,https://cdn.javmiku.com/wp-content/uploads/2026/08/1sw1061pl-550x374.jpg
https://jav.guru/1034463/stsk-239-three-contestants-in-a-beauty-contest-face-unauthorized-internal-exposure-marumo-rea-yoshizawa-yuki-hujzkawa-nokaze/,https://cdn.javmiku.com/wp-content/uploads/2026/08/h_1605stsk239pl-550x374.jpg
https://jav.guru/1034464/stsk-238-happy-girls-dance-dont-give-in-to-your-swaying-feelings-tsukise-riria-shibamata-shiho-nijimura-yumi-nomiya-an/,https://cdn.javmiku.com/wp-content/uploads/2026/08/h_1605stsk238pl-550x374.jpg
https://jav.guru/1034465/stsk-237-event-companion-overwhelmed-and-defiled-by-relentless-pleasure-and-depraved-desires-sakura-mahiru-marumo-rea-tomoe-hikari-aina-ai/,https://cdn.javmiku.com/wp-content/uploads/2026/08/h_1605stsk237pl-550x374.jpg
https://jav.guru/1034466/stsk-236-insurance-ladys-obsessive-training-leads-to-chaos-as-four-saleswomen-are-tainted-during-work-hours-amane-kanna-hiyori-nodoka-azusa-marino-misaki-kanna/,https://cdn.javmiku.com/wp-content/uploads/2026/08/h_1605stsk236pl-550x374.jpg
https://jav.guru/1034468/sods-086-after-a-year-on-social-media-a-woman-with-h-cup-breasts-shares-her-experiences-of-increasing-her-number-of-partners-to-eight-documenting-her-first-year-sexual-encounters-nakajou-ayana/,https://cdn.javmiku.com/wp-content/uploads/2026/08/1sods086pl-550x374.jpg
https://jav.guru/1034470/nhdtc-237-flat-chested-girls-swimsuit-challenge-meeting-leads-to-a-wrestling-match-where-she-panics-after-being-exposed-and-ends-up-in-a-compromising-situation-natsuno-chinami/,https://cdn.javmiku.com/wp-content/uploads/2026/08/1nhdtc237pl-550x374.jpg
https://jav.guru/1034471/nhdtc-236-the-shy-librarian-easily-falls-for-a-kind-girl-pursuing-her-despite-rejection-leading-to-a-passionate-confession-and-intimate-moments-tomoe-hikari-suehiro-jun-watarai-fuu/,https://cdn.javmiku.com/wp-content/uploads/2026/08/1nhdtc236pl-550x374.jpg
https://jav.guru/1034472/nhdtc-235-a-woman-secretly-brings-her-boyfriend-to-climax-with-a-handjob-in-a-bus-seat-gap-leading-to-a-quiet-sex-encounter-and-eventual-internal-release-futaba-sara-onosaka-yuka-tomoe-hikari/,https://cdn.javmiku.com/wp-content/uploads/2026/08/1nhdtc235pl-550x374.jpg
https://jav.guru/1034473/nhdtc-221-i-got-in-trouble-after-having-unprotected-sex-with-my-friends-daughters-who-longed-to-be-treated-like-objects-and-ended-up-falling-for-me-yasaka-nagi-mochizuki-tsubomi/,https://cdn.javmiku.com/wp-content/uploads/2026/08/1nhdtc221pl-550x374.jpg
https://jav.guru/1034474/nhdtc-167-a-beer-vendor-succumbs-to-humiliation-while-being-made-to-squirt-and-obey-in-a-wide-legged-position-harunai-noa/,https://cdn.javmiku.com/wp-content/uploads/2026/08/1nhdtc167pl-550x374.jpg
https://jav.guru/1034475/namh-072-a-shy-womans-first-experience-with-internal-ejaculation-featuring-13-encounters-toba-iku/,https://cdn.javmiku.com/wp-content/uploads/2026/08/1namh072pl-550x374.jpg
https://jav.guru/1034476/namh-071-uncut-genuine-internal-ejaculation-23-times-with-a-boyish-schoolgirl-ichikawa-riku/,https://cdn.javmiku.com/wp-content/uploads/2026/08/1namh071pl-550x374.jpg
https://jav.guru/1034477/jura-207-first-time-filming-of-a-middle-aged-wife-chapter-three-yahiro-chika/,https://cdn.javmiku.com/wp-content/uploads/2026/08/h_086jura207pl-550x374.jpg
https://jav.guru/1034478/jura-188-first-time-documentary-featuring-a-married-woman-chapter-two-yoshimizu-hitomi/,https://cdn.javmiku.com/wp-content/uploads/2026/08/h_086jura188pl-550x374.jpg
https://jav.guru/1034479/hbad-739-surprising-a-serious-obedient-office-worker-with-big-breasts-at-her-place-for-a-wild-night-with-everyone-kasai-suzu/,https://cdn.javmiku.com/wp-content/uploads/2026/08/1hbad739pl-550x374.jpg
https://jav.guru/1034480/hbad-738-my-wife-with-her-voluptuous-body-is-a-nymphomaniac-and-its-causing-me-some-trouble-sakuragi-minato/,https://cdn.javmiku.com/wp-content/uploads/2026/08/1hbad738pl-550x374.jpg
https://jav.guru/1034482/euud-90-an-exquisite-mature-woman-indulges-you-with-lewd-words-and-scenarios-in-the-ultimate-first-person-masturbation-support-experience-saeki-reimi/,https://cdn.javmiku.com/wp-content/uploads/2026/08/h_086euud90pl-550x374.jpg
https://jav.guru/1034483/dlv-006-new-absolute-beauty-for-rent-act-122-miyoshi-uta/,https://cdn.javmiku.com/wp-content/uploads/2026/08/118dlv006pl-550x374.jpg
https://jav.guru/1034484/abf-375-tempted-by-my-secretly-admired-sister-in-law-my-emotions-exploded-and-i-ended-up-climaxing-inside-her-multiple-times-nanashima-mai/,https://cdn.javmiku.com/wp-content/uploads/2026/08/118abf375pl-550x374.jpg
https://jav.guru/1034485/aarm-361-bound-and-intimate-nipple-play-with-double-oral-sessions-and-consecutive-releases-hatano-yui-honda-hitomi-nia-nogi-ayame-minase-sana-misaki-oto-amamiya-hibiki-mano-inori/,https://cdn.javmiku.com/wp-content/uploads/2026/08/aarm361pl-550x374.jpg
https://jav.guru/1034486/aarm-360-intense-anal-licking-enthusiasts-13-mizuhata-asami/,https://cdn.javmiku.com/wp-content/uploads/2026/08/aarm360pl-550x374.jpg
https://jav.guru/1035112/uman-010-forbidden-ntr-caught-in-the-act-by-my-stepfather-a-scandalous-caregiving-experience-yoshine-yuria/,https://cdn.javmiku.com/wp-content/uploads/2026/08/uman010pl-550x374.jpg
https://jav.guru/1035113/spjur-001-the-hottest-summer-in-the-world-will-surely-make-you-fall-in-love-with-her-yamada-yuri/,https://cdn.javmiku.com/wp-content/uploads/2026/08/spjur001pl-550x374.jpg
https://jav.guru/1035114/snos-361-a-24-hour-date-where-a-dominant-older-girlfriend-teases-her-boyfriends-nipples-with-her-long-limbs-kaede-fuua/,https://cdn.javmiku.com/wp-content/uploads/2026/08/snos361pl-550x374.jpg
https://jav.guru/1035117/snos-334-a-top-notch-office-worker-shares-a-room-with-her-despised-middle-aged-boss-on-a-business-trip-but-unexpectedly-finds-herself-succumbing-to-intense-harassment-seto-kanna/,https://cdn.javmiku.com/wp-content/uploads/2026/08/snos334pl-550x374.jpg
https://jav.guru/1035119/snos-323-i-want-to-help-you-with-your-desires-a-beautiful-girl-becomes-completely-dependent-on-me-offering-her-unusual-affection-and-support-for-all-my-needs-mita-marin/,https://cdn.javmiku.com/wp-content/uploads/2026/08/snos323pl-550x374.jpg
https://jav.guru/1035120/snos-321-the-former-gravure-idol-and-swim-coach-is-pushed-to-her-limits-in-a-revealing-swimsuit-shido-rui/,https://cdn.javmiku.com/wp-content/uploads/2026/08/snos321pl-550x374.jpg
https://jav.guru/1035122/snos-306-the-attractive-swim-coach-boosts-the-motivation-of-male-team-members-with-steamy-coaching-in-a-barely-there-swimsuit-adachi-yuuri/,https://cdn.javmiku.com/wp-content/uploads/2026/08/snos306pl-550x374.jpg
https://jav.guru/1035124/snos-297-curvy-beauty-with-an-hourglass-figure-experiences-intense-squirting-and-wild-group-fun-hinagata-mikuru/,https://cdn.javmiku.com/wp-content/uploads/2026/08/snos297pl-550x374.jpg
https://jav.guru/1035128/royd-344-a-runaway-girl-moves-to-the-city-and-stays-in-a-party-house-where-guys-take-turns-relentlessly-pushing-her-limits-for-ten-hours-straight-leading-to-her-breakdown-sakura-yuno/,https://cdn.javmiku.com/wp-content/uploads/2026/08/royd344pl-550x374.jpg
https://jav.guru/1035129/royd-343-in-a-nearly-private-movie-theater-i-could-only-focus-on-climaxing-as-a-slender-busty-blonde-kept-teasing-me-momonaga-sarina/,https://cdn.javmiku.com/wp-content/uploads/2026/08/royd343pl-550x374.jpg
https://jav.guru/1035130/royd-342-i-turned-her-into-a-submissive-partner-through-a-teasing-app-where-she-insults-me-while-eagerly-taking-the-lead-kinoshita-himari/,https://cdn.javmiku.com/wp-content/uploads/2026/08/royd342pl-550x374.jpg
https://jav.guru/1035131/roe-542-days-of-incest-with-my-mother-in-the-family-home-after-everyone-has-moved-out-nagamine-tsubaki/,https://cdn.javmiku.com/wp-content/uploads/2026/08/roe542pl-550x374.jpg
https://jav.guru/1035132/roe-539-ten-years-of-unrequited-love-culminate-in-relentless-pursuit-and-16-intimate-encounters-with-my-mother-nakajima-minami/,https://cdn.javmiku.com/wp-content/uploads/2026/08/roe539pl-550x374.jpg
https://jav.guru/1035133/roe-538-a-secret-rendezvous-with-a-friends-son-during-a-housewifes-day-off-at-a-womens-escort-service-baba-sana/,https://cdn.javmiku.com/wp-content/uploads/2026/08/roe538pl-550x374.jpg
https://jav.guru/1035134/roe-537-a-former-cabin-attendants-av-debut-at-40-she-lies-to-her-husband-and-embarks-on-a-one-way-journey-of-infidelity-nagasaki-reika/,https://cdn.javmiku.com/wp-content/uploads/2026/08/roe537pl-550x374.jpg
https://jav.guru/1035135/roe-535-please-get-pregnant-with-my-seed-boss-a-second-year-new-graduates-overtime-service-to-impregnate-his-harassing-female-superior-yoshinaga-touko/,https://cdn.javmiku.com/wp-content/uploads/2026/08/roe535pl-550x374.jpg
https://jav.guru/1035136/roe-534-ntr-in-a-two-family-home-my-wife-was-taken-by-our-daughters-husband-hoshi-fuyuka/,https://cdn.javmiku.com/wp-content/uploads/2026/08/roe534pl-550x374.jpg
https://jav.guru/1035137/roe-533-returning-home-i-discovered-my-grandfather-and-mother-together-that-day-changed-me-into-a-lifelong-lover-of-mature-women-mikumo-ayaha/,https://cdn.javmiku.com/wp-content/uploads/2026/08/roe533pl-550x374.jpg
https://jav.guru/1035138/roe-531-a-story-about-how-i-became-infatuated-with-my-virtuous-mother-in-law-and-transformed-into-a-submissive-thrill-seeking-lesbian-after-a-month-of-using-aphrodisiacs-niimura-akari-seo-reiko/,https://cdn.javmiku.com/wp-content/uploads/2026/08/roe531pl-550x374.jpg
https://jav.guru/1035141/nsodn-026-infiltrating-the-rumored-pink-hospital-at-midnight-where-moans-can-be-heard-akane-urara-kuroshima-rei/,https://cdn.javmiku.com/wp-content/uploads/2026/08/nsodn026pl-550x374.jpg
https://jav.guru/1035142/nnod-001-students-repeatedly-experience-intense-teasing-and-release-during-a-remedial-class-with-a-seductive-teacher-who-plays-with-their-pleasure-hatano-yui/,https://cdn.javmiku.com/wp-content/uploads/2026/08/nnod001pl-550x374.jpg
https://jav.guru/1035143/ngod-353-mother-trained-to-wet-herself-by-her-son-with-a-huge-member-pleading-for-mercy-in-a-humiliating-display-of-incestuous-domination-oguri-misao/,https://cdn.javmiku.com/wp-content/uploads/2026/08/ngod353pl-550x374.jpg
https://jav.guru/1035144/ngod-352-a-visit-to-my-hometown-leads-to-a-wild-encounter-with-my-city-friends-and-my-mother-kitano-mina/,https://cdn.javmiku.com/wp-content/uploads/2026/08/ngod352pl-550x374.jpg
https://jav.guru/1035145/ngod-350-a-wife-unexpectedly-reaches-climax-after-her-friend-uses-a-surrogate-service-to-impregnate-her-in-front-of-her-husband-mitsuki-rinne/,https://cdn.javmiku.com/wp-content/uploads/2026/08/ngod350pl-550x374.jpg
https://jav.guru/1035146/namh-070-intimate-double-penetration-with-21-releases-and-a-documentary-on-abundant-semen-injection-suehiro-jun-onami-aya/,https://cdn.javmiku.com/wp-content/uploads/2026/08/1namh070pl-550x374.jpg
https://jav.guru/1035148/jur-837-a-female-teachers-beloved-wife-is-seduced-by-a-troubled-student-mihi-nanami/,https://cdn.javmiku.com/wp-content/uploads/2026/08/jur837pl-550x374.jpg
https://jav.guru/1035149/jur-833-a-gym-going-wife-with-heightened-desires-indulges-in-intense-sweaty-sessions-of-passionate-intercourse-craving-the-fit-and-vigorous-experience-huji-kanna/,https://cdn.javmiku.com/wp-content/uploads/2026/08/jur833pl-550x374.jpg
https://jav.guru/1035151/jur-829-come-over-when-you-want-to-release-again-a-secret-intimate-ride-with-my-aunt-in-a-summer-room-filled-with-drool-sweat-and-desire-shiina-yuna/,https://cdn.javmiku.com/wp-content/uploads/2026/08/jur829pl-550x374.jpg
https://jav.guru/1035167/ipzz-958-a-high-class-j-cup-body-in-an-unrestricted-group-sex-event-featuring-over-20-scenes-with-16-participants-hinano-kanon/,https://cdn.javmiku.com/wp-content/uploads/2026/08/ipzz958pl-550x374.jpg
https://jav.guru/1035169/ipzz-932-staying-overnight-at-the-strict-bosss-house-after-work-leads-to-unexpected-passion-fueled-by-alcohol-revealing-a-cute-side-that-continues-into-the-next-morning-kaede-karen/,https://cdn.javmiku.com/wp-content/uploads/2026/08/ipzz932pl-550x374.jpg
https://jav.guru/1035171/ipzz-929-do-you-enjoy-being-seduced-by-a-beautiful-older-woman-a-talented-newcomer-with-impressive-skills-and-a-stunning-figure-makes-her-adult-film-debut-mikoto-chio/,https://cdn.javmiku.com/wp-content/uploads/2026/08/ipzz929pl-550x374.jpg
https://jav.guru/1035172/ipzz-926-a-lifestyle-with-a-girl-who-lets-you-use-her-as-a-substitute-for-renting-a-room-sasaki-saki/,https://cdn.javmiku.com/wp-content/uploads/2026/08/ipzz926pl-550x374.jpg
https://jav.guru/1035183/ipzz-901-a-rival-gravure-idol-succumbs-to-overwhelming-beauty-and-perfect-figure-leading-to-a-revenge-request-for-a-humiliating-photoshoot-in-a-revealing-swimsuit-misumi-nene/,https://cdn.javmiku.com/wp-content/uploads/2026/08/ipzz901pl-550x374.jpg
https://jav.guru/1035188/ipzz-871-a-traditional-inn-revives-its-fortunes-by-offering-a-unique-pink-plan-where-the-owner-personally-provides-intimate-services-to-a-couple-staying-without-sex-sakura-momo/,https://cdn.javmiku.com/wp-content/uploads/2026/08/ipzz871pl-550x374.jpg
https://jav.guru/1035189/huntc-586-after-school-a-playful-game-of-time-stop-during-festival-preparations-escalates-into-wild-fun-igarashi-mitsuki-maeda-minami-akari-nonoka-tsubaki-rika/,https://cdn.javmiku.com/wp-content/uploads/2026/08/huntc586pl-550x374.jpg
https://jav.guru/1035190/hsoda-128-caught-in-a-love-triangle-during-a-massage-session-shishido-riho-kitaoka-karin/,https://cdn.javmiku.com/wp-content/uploads/2026/08/hsoda128pl-550x374.jpg
https://jav.guru/1035191/fway-102-ill-take-care-of-all-of-you-sinohara-iyo/,https://cdn.javmiku.com/wp-content/uploads/2026/08/fway102pl-550x374.jpg
https://jav.guru/1035193/dsod-070-as-a-transgender-woman-she-knows-exactly-how-to-please-boys-and-now-were-struggling-as-shes-seducing-us-with-her-irresistible-hand-jobs-anytime-anywhere-ikeda-marina/,https://cdn.javmiku.com/wp-content/uploads/2026/08/dsod070pl-550x374.jpg
https://jav.guru/1035194/dsod-062-ultimate-babying-support-with-sweet-nurturing-words-that-make-you-melt-with-every-release-satsuki-nao/,https://cdn.javmiku.com/wp-content/uploads/2026/08/dsod062pl-550x374.jpg
https://jav.guru/1035197/dsod-053-disposable-pleasure-after-being-released-the-insatiable-yakuza-offers-a-human-toilet-with-no-rights-allowing-for-unprotected-use-until-pregnancy-occurs-amasawa-rin/,https://cdn.javmiku.com/wp-content/uploads/2026/08/dsod053pl-550x374.jpg
https://jav.guru/1035208/bban-600-stuck-at-a-hotel-with-my-admired-senior-after-missing-the-last-train-i-succumbed-to-temptation-and-indulged-in-an-affair-with-another-woman-oka-rin-sato-meru/,https://cdn.javmiku.com/wp-content/uploads/2026/08/bban600pl-550x374.jpg
https://jav.guru/1035209/bban-597-unconscious-seduction-i-secretly-brought-my-favorite-teacher-to-climax-and-brainwashed-her-into-becoming-a-lesbian-karina-nishida-nisimoto-meisa/,https://cdn.javmiku.com/wp-content/uploads/2026/08/bban597pl-550x374.jpg
https://jav.guru/1035210/bban-596-my-plain-bespectacled-junior-at-work-turns-out-to-be-an-insatiable-seductress-leading-me-to-repeatedly-lose-myself-in-a-lesbian-romance-tomoe-hikari-yorimoto-shiori/,https://cdn.javmiku.com/wp-content/uploads/2026/08/bban596pl-550x374.jpg
https://jav.guru/1035211/bban-594-this-body-belongs-to-me-a-new-idols-exclusive-brainwashing-lesbian-experience-hatano-yui-aoba-haru/,https://cdn.javmiku.com/wp-content/uploads/2026/08/bban594pl-550x374.jpg
https://jav.guru/1035592/roe-532-a-story-about-leaving-a-married-woman-tied-to-a-chair-for-two-hours-resulting-in-her-becoming-a-drooling-perverse-individual-kirioka-satuki/,https://cdn.javmiku.com/wp-content/uploads/2026/08/roe532pl-550x374.jpg
https://jav.guru/1035599/nkkd-367-my-wife-was-taken-by-a-younger-coworker-so-i-request-the-release-of-this-adult-video-tenma-yui/,https://cdn.javmiku.com/wp-content/uploads/2026/08/nkkd367pl-550x374.jpg
https://jav.guru/1035602/nghj-070-a-student-gets-carried-away-after-school-with-a-beautiful-teacher-yamashita-sawa-arisaka-yui-hujzkawa-nokaze-kurokawa-harumi/,https://cdn.javmiku.com/wp-content/uploads/2026/08/nghj070pl-550x374.jpg
https://jav.guru/1035603/mond-307-with-my-admired-female-boss-kitamura-michi/,https://cdn.javmiku.com/wp-content/uploads/2026/08/mond307pl-550x374.jpg
https://jav.guru/1035604/mkmp-750-a-special-collection-packed-with-the-hottest-titles-from-all-misono-waka-futaba-ema-fujiwsawa-reo-otsu-arisu-minahata-fuka-yura-kana-totuki-ruisa-harunai-noa-nijimura-yumi/,https://cdn.javmiku.com/wp-content/uploads/2026/08/mkmp750pl-550x374.jpg
https://jav.guru/1035612/jrze-314-first-time-documentary-featuring-a-married-woman-tarasaki-yasuyo/,https://cdn.javmiku.com/wp-content/uploads/2026/08/h_086jrze314pl-550x374.jpg
https://jav.guru/1035625/gvh-869-office-ladys-harem-a-wild-reverse-threesome-with-two-voluptuous-bosses-in-a-shared-room-nishimura-niina-yuki-chitose/,https://cdn.javmiku.com/wp-content/uploads/2026/08/gvh869pl-550x374.jpg
https://jav.guru/1035627/gma-100-bound-and-trained-wife-a-woman-offered-up-to-cover-her-husbands-debts-as-her-body-is-developed-and-her-sanity-unravels-yamaguchi-reiko/,https://cdn.javmiku.com/wp-content/uploads/2026/08/gma100pl-550x374.jpg
https://jav.guru/1035629/gajk-038-a-schoolgirl-is-bound-and-trained-in-a-warehouse-by-a-kind-neighbor-who-turns-out-to-be-a-psychopathic-criminal-leading-to-her-abduction-and-assault-mamiya-shiori/,https://cdn.javmiku.com/wp-content/uploads/2026/08/gajk038pl-550x374.jpg
https://jav.guru/1035782/sqte-705-you-can-do-whatever-you-want-with-me-uncle-tsukise-riria/,https://cdn.javmiku.com/wp-content/uploads/2026/08/sqte705pl-550x374.jpg
https://jav.guru/1035783/pkpr-047-anal-documentary-filming-a-live-anal-scene-ohara-rio/,https://cdn.javmiku.com/wp-content/uploads/2026/08/pkpr047pl-550x374.jpg
https://jav.guru/1035784/pkpd-429-bra-free-hot-spring-getaway-with-internal-release-momose-himari/,https://cdn.javmiku.com/wp-content/uploads/2026/08/pkpd429pl-550x374.jpg
https://jav.guru/1035786/nghj-071-a-busty-bikini-girl-shines-on-shonan-beach-leading-a-festival-of-explosive-pleasure-for-a-virgin-with-a-big-member-misaki-maika-aina-ai-nozomi-arimura-kurosaki-hana/,https://cdn.javmiku.com/wp-content/uploads/2026/08/nghj071pl-550x374.jpg
https://jav.guru/1035790/madm-221-while-my-husband-is-away-my-busty-wife-indulges-in-a-passionate-affair-with-the-neighbor-sakurano-momo/,https://cdn.javmiku.com/wp-content/uploads/2026/08/madm221pl-550x374.jpg
https://jav.guru/1035791/jura-208-first-time-documentary-featuring-a-married-woman-chapter-two-higuchi-sara/,https://cdn.javmiku.com/wp-content/uploads/2026/08/h_086jura208pl-550x374.jpg
https://jav.guru/1035792/jrze-313-first-time-documentary-featuring-a-married-woman-yukihira-sayaka/,https://cdn.javmiku.com/wp-content/uploads/2026/08/h_086jrze313pl-550x374.jpg
https://jav.guru/1035793/jrze-312-first-time-documentary-featuring-a-married-woman-narumiya-shiori/,https://cdn.javmiku.com/wp-content/uploads/2026/08/h_086jrze312pl-550x374.jpg
https://jav.guru/1035794/hthd-242-my-friends-mother-nagisawa-hikaru/,https://cdn.javmiku.com/wp-content/uploads/2026/08/h_086hthd242pl-550x374.jpg
https://jav.guru/1035797/fns-243-ten-minutes-after-graduation-i-went-straight-to-a-love-hotel-with-my-former-student-and-ended-up-having-sex-until-i-was-exhausted-hamabe-yayoi/,https://cdn.javmiku.com/wp-content/uploads/2026/08/1fns00243pl-550x374.jpg
https://jav.guru/1035798/dldss-539-a-married-woman-indulges-in-a-week-of-intimacy-with-her-two-brothers-in-law-at-a-hot-spring-during-her-hometown-visit-haru-hibine/,https://cdn.javmiku.com/wp-content/uploads/2026/08/1dldss539pl-550x374.jpg
https://jav.guru/1035800/chrv-222-why-are-there-so-many-busty-female-doctors-in-the-proctology-department-the-answer-lies-beneath-their-lab-coats-revealing-a-stunning-j-cup-figure-ogura-hikari/,https://cdn.javmiku.com/wp-content/uploads/2026/08/chrv222pl-550x374.jpg
https://jav.guru/1035803/basj-046-a-woman-becomes-addicted-to-female-escort-services-finding-herself-captivated-in-her-childhood-room-ito-sara/,https://cdn.javmiku.com/wp-content/uploads/2026/08/basj046pl-550x374.jpg
https://jav.guru/1035804/bagr-090-a-dangerously-beautiful-love-that-knows-no-bounds-driven-by-a-yandere-girl-determined-to-win-him-over-narumi-ruka/,https://cdn.javmiku.com/wp-content/uploads/2026/08/bagr090pl-550x374.jpg
https://jav.guru/1035891/ymds-297-a-two-day-trip-to-a-hot-spring-featuring-exclusive-intimate-experiences-itoi-ruka/,https://cdn.javmiku.com/wp-content/uploads/2026/08/ymds297pl-550x374.jpg
https://jav.guru/1035892/ymdd-504-school-caste-queen-gets-taken-down-with-a-mix-of-indoor-and-outdoor-encounters-hanamori-kaho/,https://cdn.javmiku.com/wp-content/uploads/2026/08/ymdd504pl-550x374.jpg
https://jav.guru/1035893/t38-069-a-beautiful-girl-bought-by-a-wealthy-tycoon-enters-the-scandalous-social-scene-minami-hinano-kohinata-meru-satsuki-hina/,https://cdn.javmiku.com/wp-content/uploads/2026/08/55t38069pl-550x374.jpg
https://jav.guru/1035894/soav-139-a-married-womans-desire-for-infidelity-tukinoe-sui/,https://cdn.javmiku.com/wp-content/uploads/2026/08/soav139pl-550x374.jpg
https://jav.guru/1035895/scpx-560-morning-arousal-between-mother-and-son-yosii-miki-morinaga-aice-nagayama-haruka/,https://cdn.javmiku.com/wp-content/uploads/2026/08/scpx560pl-550x374.jpg
https://jav.guru/1035896/namh-073-a-20-year-olds-sparkling-smile-and-first-experience-with-13-internal-releases-in-a-fresh-hairless-vagina-akiyama-mia/,https://cdn.javmiku.com/wp-content/uploads/2026/08/1namh073pl-550x374.jpg
https://jav.guru/1035897/hsm-089-a-cute-boy-experiences-his-first-adult-film-featuring-unexpected-moments-of-excitement-and-pleasure-aoba-rinon/,https://cdn.javmiku.com/wp-content/uploads/2026/08/h_458hsm089pl-550x374.jpg
https://jav.guru/1035898/hez-915-forbidden-office-affair-a-passionate-married-woman-gets-messy-with-intense-encounters-amano-koyuki-hirose-yuka-kanade-aya-toyosaki-kiyoka-namikawa-yukari/,https://cdn.javmiku.com/wp-content/uploads/2026/08/59hez915pl-550x374.jpg
https://jav.guru/1035899/hez-913-a-married-welfare-worker-has-a-brief-affair-with-a-resident-during-a-home-visit-mogami-ichika/,https://cdn.javmiku.com/wp-content/uploads/2026/08/59hez913pl-550x374.jpg
https://jav.guru/1035900/hez-912-my-mother-does-this-when-shes-angry-but-is-it-toxic-parenting-aona-miu/,https://cdn.javmiku.com/wp-content/uploads/2026/08/59hez912pl-550x374.jpg
https://jav.guru/1035901/hale-079-endless-loop-of-seduction-with-a-friends-mom-volume-74-tsukino-kotone/,https://cdn.javmiku.com/wp-content/uploads/2026/08/hale079pl-550x374.jpg
https://jav.guru/1035902/gs-2145-the-ultimate-collection-of-infidelity-experiences-yasuda-masaki-yukikawa-ouka-sakuma-kaede-kiyama-ai-sanjo-mihono-okuno-mikana/,https://cdn.javmiku.com/wp-content/uploads/2026/08/140gs2145pl-550x374.jpg
https://jav.guru/1035903/aprg-005-i-became-your-pet-after-calling-a-delivery-service-i-lost-my-reason-to-a-seductive-woman-with-g-cup-breasts-and-spent-the-night-in-pleasure-hujzkawa-nokaze/,https://cdn.javmiku.com/wp-content/uploads/2026/08/aprg005pl-550x374.jpg
https://jav.guru/1035904/akdl-368-a-married-woman-from-the-neighborhood-visits-my-house-weekly-to-pleasure-me-getting-aroused-and-dripping-with-excitement-from-just-a-kiss-kawakita-ema/,https://cdn.javmiku.com/wp-content/uploads/2026/08/1akdl00368pl-550x374.jpg
https://jav.guru/1035988/svvrt-084-amateur-variety-whats-inside-the-wall-mounted-style-a-housewife-takes-on-a-foreign-object-insertion-challenge-with-multiple-outcomes-zenba-mami-konami-aya-hanai-tsubaki/,https://cdn.javmiku.com/wp-content/uploads/2026/08/1svvrt084pl-550x374.jpg
https://jav.guru/1035989/start-626-a-week-of-passionate-affair-with-a-beautiful-teacher-from-the-daycare-while-the-family-is-away-visiting-relatives-kamiki-rei/,https://cdn.javmiku.com/wp-content/uploads/2026/08/1start626pl-550x374.jpg
https://jav.guru/1035990/start-620-a-24-hour-daycare-in-a-sleepless-city-a-beautiful-caregiver-and-a-restaurant-manager-while-dad-is-nearby-with-his-sleeping-daughter-aozora-hikari/,https://cdn.javmiku.com/wp-content/uploads/2026/08/1start620pl-550x374.jpg
https://jav.guru/1035991/start-618-a-homesick-new-graduate-struggles-with-living-alone-and-is-betrayed-by-the-owner-of-a-diner-that-reminds-her-of-her-mothers-cooking-amagami-ui/,https://cdn.javmiku.com/wp-content/uploads/2026/08/1start618pl-550x374.jpg
https://jav.guru/1035992/start-593-first-experience-of-unprotected-intercourse-leads-to-overwhelming-pleasure-and-uncontrollable-climax-during-intense-sex-ogasawara-nano/,https://cdn.javmiku.com/wp-content/uploads/2026/08/1start593vpl-550x374.jpg
https://jav.guru/1035993/sdnm-559-a-45-year-old-married-taxi-driver-seeks-a-second-partner-in-place-of-her-husband-during-a-cheating-getaway-with-her-90000-social-media-followers-haruki-ranko/,https://cdn.javmiku.com/wp-content/uploads/2026/08/1sdnm559pl-550x374.jpg
https://jav.guru/1035994/sdmm-237-helping-a-shy-virgin-with-his-first-experience-in-a-magic-mirror-bus-featuring-kind-hearted-fukuhara-mina-sakurano-momo-komiya-suzuka/,https://cdn.javmiku.com/wp-content/uploads/2026/08/1sdmm237pl-550x374.jpg
https://jav.guru/1035995/sdab-355-18-year-olds-naughty-language-lesson-with-a-bright-cheerful-smile-she-was-made-to-say-embarrassing-things-while-maintaining-eye-contact-with-the-camera-minami-airi/,https://cdn.javmiku.com/wp-content/uploads/2026/08/1sdab355pl-550x374.jpg
https://jav.guru/1035996/p-2982-the-frenzy-over-a-beautiful-wife-in-a-seaside-vacation-home-directed-by-an-adult-film-director-sumikawa-mihana/,https://cdn.javmiku.com/wp-content/uploads/2026/08/140p02982pl-550x374.jpg
https://jav.guru/1035997/odvhj-080-wives-intense-visible-dildo-masturbation-19-yoshizawa-yuki-ayana-rina-tamaki-kurumi-hirose-narumi-mizuki-mei-shiramine-ikumi-ogura-mikine-nishino-miku/,https://cdn.javmiku.com/wp-content/uploads/2026/08/48odvhj080pl-550x374.jpg
https://jav.guru/1035998/mmraa-395-dress-up-and-fall-in-love-suzuno-hanabi/,https://cdn.javmiku.com/wp-content/uploads/2026/08/n_709mmraa395pl-550x374.jpg
https://jav.guru/1035999/mmraa-393-pure-chronicles-tou-no-fuuka/,https://cdn.javmiku.com/wp-content/uploads/2026/08/n_709mmraa393pl-550x374.jpg
https://jav.guru/1036000/mmraa-392-teenage-love-in-the-air-sumikawa-sora/,https://cdn.javmiku.com/wp-content/uploads/2026/08/n_709mmraa392pl-550x374.jpg
https://jav.guru/1036001/mbraa-356-the-innocent-and-submissive-girl-is-too-tempting-minase-chihaya/,https://cdn.javmiku.com/wp-content/uploads/2026/08/n_709mbraa356pl-550x374.jpg
https://jav.guru/1036002/mbraa-355-sheer-love-aikawa-miku/,https://cdn.javmiku.com/wp-content/uploads/2026/08/n_709mbraa355pl-550x374.jpg
https://jav.guru/1036003/mbma-280-screaming-convulsing-and-an-unstoppable-climax-storm-a-highly-sensitive-wife-showcases-her-intense-pleasure-in-a-hanano-kokoro-hashimoto-maiko-sawamoto-yukie-kuromiya-eimi/,https://cdn.javmiku.com/wp-content/uploads/2026/08/h_460mbma280pl-550x374.jpg
https://jav.guru/1036004/maraa-232-ill-show-you-only-this-nagisa-hatsuka/,https://cdn.javmiku.com/wp-content/uploads/2026/08/n_709maraa232pl-550x374.jpg
https://jav.guru/1036005/maraa-231-infinite-anal-focus-uchida-hinano/,https://cdn.javmiku.com/wp-content/uploads/2026/08/n_709maraa231pl-550x374.jpg
https://jav.guru/1036006/kv-325-non-stop-filming-for-107-minutes-with-uncut-editing-featuring-23-internal-releases-and-12-facial-finishes-with-follow-up-cleaning-kawakita-ema/,https://cdn.javmiku.com/wp-content/uploads/2026/08/h_955kv325pl-550x374.jpg
https://jav.guru/1036007/jmty-083-a-33-year-old-womans-experiences-with-a-convenient-friend-featuring-oral-and-unprotected-encounters-oshikawa-yuuri/,https://cdn.javmiku.com/wp-content/uploads/2026/08/jmty00083pl-550x374.jpg
https://jav.guru/1036008/jksr-744-release-all-the-sperm-from-men-other-than-your-husband-oral-ejaculation-with-50-wives-in-4-hours-aoi-chie-niimura-akari-hayama-rin-natsumi-saya-sakuragi-mion/,https://cdn.javmiku.com/wp-content/uploads/2026/08/57jksr744pl-550x374.jpg
https://jav.guru/1036012/hbla-012-best-of-deep-throat-training-with-large-size-featuring-48-intense-scenes-over-4-hours-kagami-sara/,https://cdn.javmiku.com/wp-content/uploads/2026/08/hbla012pl-550x374.jpg
https://jav.guru/1036013/gebb-053-a-soothing-esthetician-tempts-with-persistent-rubbing-against-an-erect-member-through-fabric-teasing-with-a-two-centimeter-insertion-hatano-yui-honma-yuri-oshikawa-yuuri-kui-sunao/,https://cdn.javmiku.com/wp-content/uploads/2026/08/gebb053pl-550x374.jpg
https://jav.guru/1036014/fns-244-the-shy-office-workers-junior-has-such-a-big-butt-that-she-cant-resist-a-passionate-encounter-kamiki-mia/,https://cdn.javmiku.com/wp-content/uploads/2026/08/1fns00244pl-550x374.jpg
https://jav.guru/1036022/c-2983-ntr-couple-surprises-during-an-adult-film-shoot-amane-tao/,https://cdn.javmiku.com/wp-content/uploads/2026/08/140c02983pl-550x374.jpg
https://jav.guru/1036023/bkd-369-mother-and-son-encounter-on-the-road-to-higashi-shirakawa-kouda-riri/,https://cdn.javmiku.com/wp-content/uploads/2026/08/bkd369pl-550x374.jpg
https://jav.guru/1036024/aukg-656-the-door-to-lesbianism-a-seductress-targets-her-friends-body-in-a-room-hotel-and-hot-spring-tadokoro-yuri-hayama-sayuri-minase-sana-uruki-sarara-usami-sui-nagasaki-yukine/,https://cdn.javmiku.com/wp-content/uploads/2026/08/aukg656pl-550x374.jpg
https://jav.guru/1036025/ang-016-sisterly-photo-shoot-featuring-competitive-swimwear-capturing-cute-girls-in-revealing-outfits-intimate-moments-and-playful-lesbian-encounters-mizuhata-asami-minami-hinano/,https://cdn.javmiku.com/wp-content/uploads/2026/08/1ang016pl-550x374.jpg
https://jav.guru/1036026/anb-261-my-beautiful-and-seductive-aunt-drives-me-wild-with-her-lewd-whispers-and-sensitive-body-hazuki-eri/,https://cdn.javmiku.com/wp-content/uploads/2026/08/anb261pl-550x374.jpg
https://jav.guru/1036118/yako-098-the-first-experience-of-handsome-straight-men-in-cross-dressing-and-losing-their-anal-virginity/,https://cdn.javmiku.com/wp-content/uploads/2026/08/h_1133yako098pl-550x374.jpg
https://jav.guru/1036126/tnik-030-j-cup-android-submissive-service-delivery-sex-ogura-hikari/,https://cdn.javmiku.com/wp-content/uploads/2026/08/h_1133tnik030pl-550x374.jpg
https://jav.guru/1036127/tenn-050-debut-of-a-genuine-virgin-losing-my-completely-pure-hymen-and-offering-my-first-time-tani-miruku/,https://cdn.javmiku.com/wp-content/uploads/2026/08/h_491tenn050pl-550x374.jpg
https://jav.guru/1036128/sxma-023-a-submissive-idols-true-nature-is-revealed-in-a-tale-of-depravity-and-desire-kataoka-yuu/,https://cdn.javmiku.com/wp-content/uploads/2026/08/h_1133sxma023pl-550x374.jpg
https://jav.guru/1036136/sdjs-380-sex-becomes-part-of-the-training-constant-intimacy-during-the-hr-workshop-yoda-hikage/,https://cdn.javmiku.com/wp-content/uploads/2026/08/1sdjs00380pl-550x374.jpg
https://jav.guru/1036138/pako-107-first-affair-after-two-years-of-marriage-a-busty-wife-in-uniform-is-restrained-and-seduced-by-a-younger-man-fukuhara-mina/,https://cdn.javmiku.com/wp-content/uploads/2026/08/h_1133pako107pl-550x374.jpg
https://jav.guru/1036139/otin-027-an-affair-with-a-former-classmate-leads-to-passionate-encounters-featuring-cosplay-and-multiple-intimate-experiences-nijimura-yumi/,https://cdn.javmiku.com/wp-content/uploads/2026/08/h_1133otin027pl-550x374.jpg
https://jav.guru/1036140/oftr-014-bound-piston-vibrator-voice-restraint-game-mizuki-mei-hirose-narumi-negoto-rui/,https://cdn.javmiku.com/wp-content/uploads/2026/08/1oftr014pl-550x374.jpg
https://jav.guru/1036141/oftr-013-nipple-teasing-and-body-measurements-galore-miyanisi-hikaru-igarashi-kiyoka-ayase-kokoro-isshiki-sara-mion-yume-mikumo-sora/,https://cdn.javmiku.com/wp-content/uploads/2026/08/1oftr013pl-550x374.jpg
https://jav.guru/1036142/mist-528-auntie-sex-for-auntie-lovers-featuring-an-experienced-woman-toyota-reika/,https://cdn.javmiku.com/wp-content/uploads/2026/08/1mist528pl-550x374.jpg
https://jav.guru/1036143/lock-015-filming-adult-videos-to-pay-off-debt-featuring-deep-throat-and-near-unconscious-chking-play-with-intense-climax-kawai-haruna/,https://cdn.javmiku.com/wp-content/uploads/2026/08/h_491lock015pl-550x374.jpg
https://jav.guru/1036144/honb-496-demand-exceeds-supply-6-shiratori-rei/,https://cdn.javmiku.com/wp-content/uploads/2026/08/h_1133honb496pl-550x374.jpg
https://jav.guru/1036145/honb-495-a-young-woman-participates-in-a-drug-trial-for-aphrodisiacs-ayanami-ren/,https://cdn.javmiku.com/wp-content/uploads/2026/08/h_1133honb495pl-550x374.jpg
https://jav.guru/1036146/dldss-527-isnt-she-just-adorably-cunning-discover-the-irresistible-charm-of-this-stunning-adult-beauty-with-limitless-potential-imai-miyu/,https://cdn.javmiku.com/wp-content/uploads/2026/08/1dldss527pl-550x374.jpg
https://jav.guru/1036147/bobb-040-big-breasts-box-set-kitami-yumi/,https://cdn.javmiku.com/wp-content/uploads/2026/08/bobb040pl-550x374.jpg
https://jav.guru/1036148/awaw-028-knowing-its-wrong-unable-to-control-overwhelming-desire-a-young-man-has-his-first-experience-of-unprotected-sex-with-his-beloved-sister-while-their-parents-are-away-mamiya-shiori/,https://cdn.javmiku.com/wp-content/uploads/2026/08/h_1819awaw028pl-550x374.jpg
https://jav.guru/1036149/awaw-027-a-neighborhood-kds-part-time-job-for-pocket-money-while-home-alone-featuring-leakd-footage-yura-kana-mikumo-sora/,https://cdn.javmiku.com/wp-content/uploads/2026/08/h_1819awaw027pl-550x374.jpg
https://jav.guru/1036150/alog-031-lets-do-something-embarrassing-a-diary-of-a-pure-girl-turned-into-a-pet-tsukino-kotone/,https://cdn.javmiku.com/wp-content/uploads/2026/08/h_491alog031pl-550x374.jpg
https://jav.guru/1036253/vgq-010-come-join-us-for-a-mixed-bathing-experience-at-a-hot-spring-with-an-adult-actress-shiratori-sumire/,https://cdn.javmiku.com/wp-content/uploads/2026/08/13vgq010pl-550x374.jpg
https://jav.guru/1036266/rebd-1056-a-pink-prologue-to-desire-momosaki-kikka/,https://cdn.javmiku.com/wp-content/uploads/2026/08/h_346rebd1056pl-550x374.jpg
https://jav.guru/1036267/rebd-1055-new-me-the-cinematics-amakawa-sora/,https://cdn.javmiku.com/wp-content/uploads/2026/08/h_346rebd1055pl-550x374.jpg
https://jav.guru/1036268/rebd-1054-breathless-moments-in-a-confined-space-shiina-yuna/,https://cdn.javmiku.com/wp-content/uploads/2026/08/h_346rebd1054pl-550x374.jpg
https://jav.guru/1036270/mbdd-2190-viva-amore-giving-you-my-love-satsuki-nao/,https://cdn.javmiku.com/wp-content/uploads/2026/08/n_707mbdd2190pl-550x374.jpg
https://jav.guru/1036271/mbdd-2189-the-miracle-of-ice-blue-tojo-natsu/,https://cdn.javmiku.com/wp-content/uploads/2026/08/n_707mbdd2189pl-550x374.jpg
https://jav.guru/1036272/mbdd-2188-untitled-winter-love-story-toa-kotone/,https://cdn.javmiku.com/wp-content/uploads/2026/08/n_707mbdd2188pl-550x374.jpg
https://jav.guru/1036273/iesp-586-female-detective-turned-into-a-druggd-sex-slave-usami-mayo/,https://cdn.javmiku.com/wp-content/uploads/2026/08/1iesp586pl-550x374.jpg
https://jav.guru/1036274/iesp-584-the-female-teacher-who-cant-hold-it-kitagawa-mio/,https://cdn.javmiku.com/wp-content/uploads/2026/08/1iesp584pl-550x374.jpg
https://jav.guru/1036275/iesp-431-narcotics-officer-addicted-to-drugs-and-experiencing-vaginal-spasms-murakami-risa/,https://cdn.javmiku.com/wp-content/uploads/2026/08/1iesp431pl-550x374.jpg
https://jav.guru/1036276/iesp-252-100-back-to-back-encounters-nishino-sho-satomi-yuria-akane-hotaru/,https://cdn.javmiku.com/wp-content/uploads/2026/08/1iesp252pl-550x374.jpg
https://jav.guru/1036277/iesp-249-a-hundred-schoolgirls-conquered-nishino-sho-kanno-arisa-akane-hotaru/,https://cdn.javmiku.com/wp-content/uploads/2026/08/1iesp249pl-550x374.jpg
https://jav.guru/1036278/hunt-976-i-keep-having-unprotected-sex-with-my-friends-girlfriend-after-he-leaves-mitsuki-yume-shinomiya-yuri-mano-yuria-haruyama-ayaka-yuuki-seri/,https://cdn.javmiku.com/wp-content/uploads/2026/08/1hunt976pl-550x374.jpg
https://jav.guru/1036279/hunt-969-my-roommate-is-in-the-shower/,https://cdn.javmiku.com/wp-content/uploads/2026/08/1hunt969pl-550x374.jpg
https://jav.guru/1036280/hunt-965-a-friends-visit-leads-to-a-discovery-about-a-magazine-article-claiming-that-certain-activities-can-enhance-breast-natsume-yuuki-hayase-alice-motozawa-tomomi-koharu-mizuki-ozawa-yuuki/,https://cdn.javmiku.com/wp-content/uploads/2026/08/1hunt965pl-550x374.jpg
https://jav.guru/1036281/hunt-828-a-surprise-mixed-bath-in-a-tiny-indoor-hot-spring-after-the-outdoor-bath-unexpectedly-closed-during-my-solo-trip-niiyama-kaede-mitsuikura-nayu-fukusaki-ren-tsukada-shiori/,https://cdn.javmiku.com/wp-content/uploads/2026/08/1hunt828pl-550x374.jpg
https://jav.guru/1036282/hunt-826-inhaling-the-seductive-incense-turns-her-into-a-lustful-mess-posing-as-a-massage-therapist-he-lights-the-aphrodisiac-incense-and-ignites-her-desire-yoshida-hana-saejima-kaori/,https://cdn.javmiku.com/wp-content/uploads/2026/08/1hunt826pl-550x374.jpg
https://jav.guru/1036283/hunt-825-a-girl-whose-pride-has-been-hurt-competes-for-my-unwanted-attention-in-minami-riona-saionji-reo-serizawa-tsumugi-shinomiya-yuri-aoi-koharu-adachi-yuzuna-arimoto-sayo-koizumi-mitsuka/,https://cdn.javmiku.com/wp-content/uploads/2026/08/1hunt825pl-550x374.jpg
https://jav.guru/1036284/hunt-820-a-strict-librarians-skirt-becomes-sheer-revealing-her-panties-leading-to-an-unexpected-sakurazaki-hina-aizawa-ren-hamasaki-mao/,https://cdn.javmiku.com/wp-content/uploads/2026/08/HUNT-820-550x374.jpg
https://jav.guru/1036285/hunt-819-the-ultimate-scenario-as-the-only-male-student-at-a-beauty-school-tomoda-ayaka-ono-maria-takigawa-kanon-%e6%bb%9d%e5%b7%9d%e3%81%8b%e3%81%ae%e3%82%93-hazuki-karen/,https://cdn.javmiku.com/wp-content/uploads/2026/08/1hunt819pl-550x374.jpg
https://jav.guru/1036286/hunt-818-caught-off-guard-by-a-classmates-wardrobe-malfunction-during-gym-class-araki-rina-takigawa-kanon-%e6%bb%9d%e5%b7%9d%e3%81%8b%e3%81%ae%e3%82%93-takahashi-yura-yui-mizuki-tsukada-shi/,https://cdn.javmiku.com/wp-content/uploads/2026/08/1hunt818pl-550x374.jpg
https://jav.guru/1036287/hunt-815-women-with-large-breasts-aroused-by-the-sight-of-an-erection-aozora-konatsu/,https://cdn.javmiku.com/wp-content/uploads/2026/08/1hunt815pl-550x374.jpg
https://jav.guru/1036288/hunt-529-while-on-a-family-trip-at-a-hot-spring-inn-i-secretly-watched-adult-content-sakano-yuri-kojima-junna-haruka-rei-iwasa-ayumi-yoshimi-nao/,https://cdn.javmiku.com/wp-content/uploads/2026/08/1hunt529pl-550x374.jpg
https://jav.guru/1036289/dldss-541-tonight-i-will-be-with-the-ugliest-man-mino-suzume/,https://cdn.javmiku.com/wp-content/uploads/2026/08/1dldss541pl-550x374.jpg
https://jav.guru/1036290/bhsp-021-addicted-to-pleasure-the-instructors-descent-into-pregnancy-kinjo-rika/,https://cdn.javmiku.com/wp-content/uploads/2026/08/bhsp021pl-550x374.jpg
https://jav.guru/1036556/abf-377-ultimate-ecstasy-a-new-realm-of-pleasure-that-courses-through-every-nerve-nonoura-dan/,https://cdn.javmiku.com/wp-content/uploads/2026/08/118abf377pl-550x374.jpg
https://jav.guru/1036557/abf-376-new-female-announcer-does-her-best-regarding-sex-suzumori-remu/,https://cdn.javmiku.com/wp-content/uploads/2026/08/118abf376pl-550x374.jpg
https://jav.guru/1036647/vec-784-my-frustrated-wife-secretly-called-a-sex-service-recommended-by-her-mom-friends-ichise-airi/,https://cdn.javmiku.com/wp-content/uploads/2026/08/vec784pl-550x374.jpg
https://jav.guru/1036648/vec-783-a-friends-mother-pretends-to-sleep-and-seduces-with-an-exposed-body-leading-to-a-spontaneous-encounter-and-unprotected-sex-takashima-nodoka/,https://cdn.javmiku.com/wp-content/uploads/2026/08/vec783pl-550x374.jpg
https://jav.guru/1036649/timd-040-stunning-beauty-engages-in-multiple-anal-encounters-with-continuous-internal-release-sayuki-kana/,https://cdn.javmiku.com/wp-content/uploads/2026/08/h_019timd040pl-550x374.jpg
https://jav.guru/1036650/skmj-779-a-kind-instructor-at-a-support-center-for-shut-ins-helps-a-young-man-lose-his-virginity-with-nurturing-oral-service-himemori-amu-mitsuki-rinne-watarai-fuu-kosaka-mia/,https://cdn.javmiku.com/wp-content/uploads/2026/08/h_1324skmj779pl-550x374.jpg
https://jav.guru/1036651/skmj-778-a-summer-twist-game-leads-to-a-challenge-where-a-beach-beauty-competes-for-cash-mikoto-towa-tsubaki-rika-minoshima-meguri-tanimura-nagisaki/,https://cdn.javmiku.com/wp-content/uploads/2026/08/h_1324skmj778pl-550x374.jpg
https://jav.guru/1036652/skmj-777-college-girls-in-thigh-highs-take-on-a-daring-dildo-challenge-pushing-their-limits-with-intense-sensations-himemori-amu-hinata-yuna-minoshima-meguri-takahoshi-nagisa/,https://cdn.javmiku.com/wp-content/uploads/2026/08/h_1324skmj777pl-550x374.jpg
https://jav.guru/1036653/skmj-776-a-busty-bikini-girl-at-the-beach-gives-a-hands-free-oral-performance-blushing-and-aroused-sakura-mahiru-marumo-rea-tomoe-hikari-aina-ai/,https://cdn.javmiku.com/wp-content/uploads/2026/08/h_1324skmj776pl-550x374.jpg
https://jav.guru/1036654/prwf-013-a-secret-wife-seeks-freedom-and-fulfillment-leading-her-to-expose-herself-in-an-adult-film-despite-her-comfortable-life-nikaidou-miu/,https://cdn.javmiku.com/wp-content/uploads/2026/08/prwf013pl-550x374.jpg
https://jav.guru/1036655/pred-892-at-home-young-wife-spa-unable-to-resist-the-expert-techniques-of-a-seasoned-client-i-was-repeatedly-filled-during-our-intimate-sessions-waka-natsuki/,https://cdn.javmiku.com/wp-content/uploads/2026/08/pred892pl-550x374.jpg
https://jav.guru/1036656/pred-887-unable-to-control-my-erection-i-received-care-from-a-kind-teacher-leading-to-multiple-encounters-throughout-the-night-with-her-irresistible-curves-aizawa-miyu/,https://cdn.javmiku.com/wp-content/uploads/2026/08/pred887pl-550x374.jpg
https://jav.guru/1036657/pred-884-teasing-a-guy-on-a-no-fap-challenge-with-no-bra-and-no-panties-leads-to-overwhelming-pleasure-for-a-lustful-sister-hatano-yui/,https://cdn.javmiku.com/wp-content/uploads/2026/08/pred884pl-550x374.jpg
https://jav.guru/1036658/pred-882-a-convenient-plain-looking-office-worker-with-big-breasts-is-ready-for-anything-as-she-enjoys-passionate-encounters-and-intimate-moments-yuzuriha-karen/,https://cdn.javmiku.com/wp-content/uploads/2026/08/pred882pl-550x374.jpg
https://jav.guru/1036659/pppe-444-a-busty-girl-offers-an-unexpected-titty-job-rinoa/,https://cdn.javmiku.com/wp-content/uploads/2026/08/pppe444pl-550x374.jpg
https://jav.guru/1036660/pppe-438-my-loathed-father-in-laws-member-is-just-too-irresistible-begging-for-more-during-a-quick-session-of-intense-extended-intimacy-andu-an/,https://cdn.javmiku.com/wp-content/uploads/2026/08/pppe438pl-550x374.jpg
https://jav.guru/1036661/pppe-437-a-shy-girl-unable-to-say-no-is-embarrassed-as-she-is-repeatedly-pleasured-by-a-sensual-massage-therapist-nakayama-fumika/,https://cdn.javmiku.com/wp-content/uploads/2026/08/pppe437pl-550x374.jpg
https://jav.guru/1036662/pppe-436-naked-maid-with-large-breasts-sannoki-kanna/,https://cdn.javmiku.com/wp-content/uploads/2026/08/pppe436pl-550x374.jpg
https://jav.guru/1036663/pppe-435-after-missing-the-last-train-from-a-company-party-a-busty-junior-playfully-suggests-i-stay-over-leading-to-multiple-intimate-encounters-in-her-revealing-loungewear-satsuki-nao/,https://cdn.javmiku.com/wp-content/uploads/2026/08/pppe435pl-550x374.jpg
https://jav.guru/1036664/pppe-434-returning-home-i-find-my-childhood-crush-has-become-my-fathers-woman-and-watching-her-indulge-in-yoga-while-being-filled-brings-me-mixed-feelings-yakuno-marina/,https://cdn.javmiku.com/wp-content/uploads/2026/08/pppe434pl-550x374.jpg
https://jav.guru/1036665/pppe-433-12-hour-non-stop-sensual-development-monitoring-with-convulsions-squirting-and-intense-pleasure-experiences-yuzuriha-karen/,https://cdn.javmiku.com/wp-content/uploads/2026/08/pppe433pl-550x374.jpg
https://jav.guru/1036666/mngs-076-instant-access-to-a-rental-girlfriend-who-wont-leave-even-after-the-time-is-up-fulfilling-all-your-desires-for-24-hours-misono-waka/,https://cdn.javmiku.com/wp-content/uploads/2026/08/mngs076pl-550x374.jpg
https://jav.guru/1036667/mngs-075-after-rejecting-my-bosss-confession-i-was-subjected-to-endless-harassment-and-frced-into-a-degrading-role-as-a-high-cut-pink-model-arai-rima/,https://cdn.javmiku.com/wp-content/uploads/2026/08/mngs075pl-550x374.jpg
https://jav.guru/1036668/mimk-293-secretly-getting-girls-on-the-street-to-give-handjobs-without-their-awareness-in-a-box-guessing-game-featuring-eight-participants-wakatuki-moa-momose-himari-tomoe-hikari/,https://cdn.javmiku.com/wp-content/uploads/2026/08/mimk293pl-550x374.jpg
https://jav.guru/1036669/mikr-119-a-beautiful-and-accommodating-woman-who-comes-whenever-called-offering-intimate-services-including-oral-and-deep-penetration-for-a-fulfilling-experience-shira-tomo/,https://cdn.javmiku.com/wp-content/uploads/2026/08/mikr119pl-550x374.jpg
https://jav.guru/1036670/mikr-117-falling-in-love-with-this-smile-a-stunning-beauty-with-charm-style-and-exceptional-skills-makes-her-adult-film-debut-shirakawa-mirei/,https://cdn.javmiku.com/wp-content/uploads/2026/08/mikr117pl-550x374.jpg
https://jav.guru/1036671/mikr-116-if-you-love-morihina-drink-it-all-saliva-juices-and-everything-else-in-a-blissful-messy-experience-mori-hinako/,https://cdn.javmiku.com/wp-content/uploads/2026/08/mikr116pl-550x374.jpg
https://jav.guru/1036672/mifd-732-new-graduate-hired-on-the-spot-a-new-female-employee-turns-to-adult-films-due-to-her-overly-seductive-nature-oono-mizuki/,https://cdn.javmiku.com/wp-content/uploads/2026/08/mifd732pl-550x374.jpg
https://jav.guru/1036673/mida-792-exposed-beauty-and-intimate-encounters-lead-to-unexpected-pleasure-despite-the-embarrassment-kitano-iori/,https://cdn.javmiku.com/wp-content/uploads/2026/08/mida792pl-550x374.jpg
https://jav.guru/1036674/mida-755-wifes-masked-streaming-ntr-while-browsing-online-i-found-a-familiar-body-no-way-is-that-really-you-i-had-no-idea-you-were-so-sexy-a-stunning-body-caught-in-a-wild-sc/,https://cdn.javmiku.com/wp-content/uploads/2026/08/mida755pl-550x374.jpg
https://jav.guru/1036675/mida-752-waking-up-in-a-virgins-room-to-find-a-busty-senior-in-her-underwear-who-once-looked-down-on-me-now-getting-really-into-it-unpai/,https://cdn.javmiku.com/wp-content/uploads/2026/08/mida752pl-550x374.jpg
https://jav.guru/1036676/mida-750-a-tutor-uses-an-aphrodisiac-on-a-reclusive-student-to-train-her-in-pleasure-leading-to-intense-experiences-and-a-transformation-koikawa-momomo/,https://cdn.javmiku.com/wp-content/uploads/2026/08/mida750pl-550x374.jpg
https://jav.guru/1036677/mida-749-on-ovulation-day-a-fake-business-trip-leads-to-a-steamy-encounter-with-a-seductive-boss-who-whispers-naughty-words-and-craves-pleasure-kuno-hinano/,https://cdn.javmiku.com/wp-content/uploads/2026/08/mida749pl-550x374.jpg
https://jav.guru/1036678/mida-748-a-maid-indulges-in-a-sensitive-cleanup-with-a-fresh-release-eagerly-providing-another-round-of-pleasure-through-her-oral-skills-izumi-momoka/,https://cdn.javmiku.com/wp-content/uploads/2026/08/mida748pl-550x374.jpg
https://jav.guru/1036679/mida-747-24-hours-of-non-stop-laughter-free-thrusting-and-climaxing-ishihara-nozomi/,https://cdn.javmiku.com/wp-content/uploads/2026/08/mida747pl-550x374.jpg
https://jav.guru/1036680/mida-746-my-first-experience-documentary-even-though-the-virgin-is-climaxing-i-keep-going-miyashita-rena/,https://cdn.javmiku.com/wp-content/uploads/2026/08/mida746pl-550x374.jpg
https://jav.guru/1036681/mida-743-a-bride-to-bes-heightened-sensitivity-leads-to-unexpected-infidelity-okui-chiharu/,https://cdn.javmiku.com/wp-content/uploads/2026/08/mida743pl-550x374.jpg
https://jav.guru/1036682/mida-742-everyday-encounters-spark-wild-fantasies-in-five-scenarios-featuring-a-well-endowed-woman-in-clothing-himari/,https://cdn.javmiku.com/wp-content/uploads/2026/08/mida742pl-550x374.jpg
https://jav.guru/1036683/mida-741-a-j-cup-teacher-guides-a-confused-student-through-a-career-consultation-with-intimate-advice-and-personal-attention-hayama-miria/,https://cdn.javmiku.com/wp-content/uploads/2026/08/mida741pl-550x374.jpg
https://jav.guru/1036684/mida-703-being-called-a-brat-by-my-relatives-i-ended-up-being-dominated-by-a-much-younger-boy-and-it-was-absolutely-the-worst-experience-ever-nanasawa-mia/,https://cdn.javmiku.com/wp-content/uploads/2026/08/mida703pl-550x374.jpg
https://jav.guru/1036685/mida-681-a-hospitalized-patient-receives-daily-assistance-from-a-curvy-nurse-leading-to-multiple-intimate-encounters-during-recovery-misaki-mayu/,https://cdn.javmiku.com/wp-content/uploads/2026/08/mida681pl-550x374.jpg
https://jav.guru/1036686/mfyd-180-a-chaotic-encounter-between-a-straight-con-artist-and-a-genuine-lesbian-con-artist-in-the-biggest-romance-scam-of-the-reiwa-era-hatano-yui-sasakura-aya/,https://cdn.javmiku.com/wp-content/uploads/2026/08/mfyd180pl-550x374.jpg
https://jav.guru/1036687/mfyd-177-a-married-woman-experiences-overwhelming-pleasure-after-a-period-of-abstinence-in-three-intense-scenes-miyuki-shiori/,https://cdn.javmiku.com/wp-content/uploads/2026/08/mfyd177pl-550x374.jpg
https://jav.guru/1036688/mfyd-176-loving-older-men-and-kisses-a-steamy-shared-house-experience-between-a-senior-man-and-a-married-woman-with-a-complicated-past-koitsuki-noa/,https://cdn.javmiku.com/wp-content/uploads/2026/08/mfyd176pl-550x374.jpg
https://jav.guru/1036689/mfyd-175-beautiful-even-with-a-face-covered-in-white-fluid-21-shots-on-a-shy-lovely-wife-saegusa-rei/,https://cdn.javmiku.com/wp-content/uploads/2026/08/mfyd175pl-550x374.jpg
https://jav.guru/1036690/mfyd-174-a-day-of-secret-affairs-with-the-perfect-lover-creating-a-hidden-chld-while-indulging-in-passion-in-a-tent-car-and-outdoor-hot-spring-dan-reina/,https://cdn.javmiku.com/wp-content/uploads/2026/08/mfyd174pl-550x374.jpg
https://jav.guru/1036691/mfyd-173-the-worlds-most-vulgar-yet-beautiful-hyper-intense-sex-with-explosive-high-energy-brain-bugging-experiences-totuki-ruisa/,https://cdn.javmiku.com/wp-content/uploads/2026/08/mfyd173pl-550x374.jpg
https://jav.guru/1036692/mfyd-172-one-week-before-being-evicted-from-the-apartment-ive-shared-with-my-husband-i-was-continuously-assaulted-by-an-intruder-in-the-neighboring-unit-otani-futaba/,https://cdn.javmiku.com/wp-content/uploads/2026/08/mfyd172pl-550x374.jpg
https://jav.guru/1036693/mfyd-171-abandoned-by-my-family-i-can-only-survive-thanks-to-a-kind-housekeeper-who-embraces-me-and-helps-with-my-daily-pleasure-yumemi-kanae/,https://cdn.javmiku.com/wp-content/uploads/2026/08/mfyd171pl-550x374.jpg
https://jav.guru/1036694/hrsm-156-a-single-office-workers-routine-outdoor-intimacy-with-her-boss-on-the-rooftop-during-lunch-break-imada-hikari-shiratori-rei-minoshima-meguri-tanimura-nagisaki/,https://cdn.javmiku.com/wp-content/uploads/2026/08/h_1745hrsm156pl-550x374.jpg
https://jav.guru/1036695/hrsm-155-a-cult-where-mere-touch-from-the-leader-causes-intense-pleasure-and-convulsions-featuring-a-hedonistic-paradise-of-indulgence-tsukise-riria-shibamata-shiho-nijimura-yumi-nomiya-an/,https://cdn.javmiku.com/wp-content/uploads/2026/08/h_1745hrsm155pl-550x374.jpg
https://jav.guru/1036696/hmn-900-sneaking-away-with-a-muscular-coworker-during-a-long-work-shift-to-release-pent-up-desires-in-a-steamy-break-room-takeuchi-yuki/,https://cdn.javmiku.com/wp-content/uploads/2026/08/hmn900pl-550x374.jpg
https://jav.guru/1036697/hmn-899-intense-groin-massage-with-tantalizing-whispers-and-secret-extras-featuring-multiple-releases-at-a-mens-esthetic-salon-suzunoya-rin/,https://cdn.javmiku.com/wp-content/uploads/2026/08/hmn899pl-550x374.jpg
https://jav.guru/1036698/hmn-896-deceived-by-a-high-paying-job-a-woman-endures-72-hours-of-drug-induced-submission-as-a-disposable-plaything-itsukaichi-mei/,https://cdn.javmiku.com/wp-content/uploads/2026/08/hmn896pl-550x374.jpg
https://jav.guru/1036699/hmn-895-new-slender-goddess-with-a-stunning-45cm-waist-makes-her-adult-film-debut-as-a-gourmet-influencer-and-college-student-asahina-sara/,https://cdn.javmiku.com/wp-content/uploads/2026/08/hmn895pl-550x374.jpg
https://jav.guru/1036700/fpre-240-intimate-experience-at-the-nurturing-breast-daycare-with-a-caring-teacher-ebisaki-ao/,https://cdn.javmiku.com/wp-content/uploads/2026/08/fpre240pl-550x374.jpg
https://jav.guru/1036701/fpre-239-sharing-a-room-with-my-female-boss-leads-to-unexpected-desires-and-provocative-poses-that-ignite-my-passion-kikuno-ran/,https://cdn.javmiku.com/wp-content/uploads/2026/08/fpre239pl-550x374.jpg
https://jav.guru/1036702/eyan-228-i-want-to-be-insulted-like-garbage-four-years-into-marriage-29-years-old-job-resignation-assistance-submissive-desires-a-slender-body-that-drives-men-wild-debut-asaha-hono/,https://cdn.javmiku.com/wp-content/uploads/2026/08/eyan228pl-550x374.jpg
https://jav.guru/1036703/ebwh-356-a-married-beautician-with-presumed-i-cup-breasts-books-an-appointment-on-her-ovulation-day-to-get-pregnant-before-her-husband-kashiwagi-fumika/,https://cdn.javmiku.com/wp-content/uploads/2026/08/ebwh356pl-550x374.jpg
https://jav.guru/1036704/ebwh-354-a-naive-girl-unknowingly-has-her-spence-glands-invaded-while-she-sleeps-and-when-she-wakes-up-her-body-is-forever-changed-tomine-hinako/,https://cdn.javmiku.com/wp-content/uploads/2026/08/ebwh354pl-550x374.jpg
https://jav.guru/1036705/ebwh-353-in-an-open-marriage-is-it-safe-a-couple-of-misguided-wives-take-on-men-seeking-to-breed-all-while-their-husband-approves-ohana-non-riri-haruka/,https://cdn.javmiku.com/wp-content/uploads/2026/08/ebwh353pl-550x374.jpg
https://jav.guru/1036706/ebwh-350-debut-of-a-black-belt-judoka-who-conquered-kanto-at-173-cm-tall-daimon-reya/,https://cdn.javmiku.com/wp-content/uploads/2026/08/ebwh350pl-550x374.jpg
https://jav.guru/1036707/ebwh-343-after-100-hours-of-rescue-in-a-desolate-ruin-she-became-a-queen-consuming-the-mens-desires-kiyomiya-toa/,https://cdn.javmiku.com/wp-content/uploads/2026/08/ebwh343pl-550x374.jpg
https://jav.guru/1036708/dvmm-433-j-cup-busty-woman-with-a-big-butt-and-a-seductive-personality-enjoys-a-no-hand-oral-experience-in-a-hot-spring-affair-harunai-noa/,https://cdn.javmiku.com/wp-content/uploads/2026/08/dvmm433pl-550x374.jpg
https://jav.guru/1036709/dsjh-019-new-employees-lewd-training-with-pantyhose-and-fixed-vibrator-leading-to-continuous-orgasms-2-izumi-rion-minoshima-meguri-nitta-konomi-yuri-ryo-yukimura-itsuki/,https://cdn.javmiku.com/wp-content/uploads/2026/08/h_139dsjh19pl-550x374.jpg
https://jav.guru/1036710/dsjh-018-harem-of-schoolgirls-all-of-them-are-my-throat-pets-nijimura-yumi-watarai-fuu-hanabuki-shion/,https://cdn.javmiku.com/wp-content/uploads/2026/08/h_139dsjh18pl-550x374.jpg
https://jav.guru/1036711/doks-685-after-school-club-for-well-behaved-girls-in-black-pantyhose-itoi-ruka/,https://cdn.javmiku.com/wp-content/uploads/2026/08/h_139doks685pl-550x374.jpg
https://jav.guru/1036712/bank-245-a-mischievous-hot-spring-trip-with-an-obedient-slender-girl-monami-suzu-iori-hinano/,https://cdn.javmiku.com/wp-content/uploads/2026/08/h_1495bank245pl-550x374.jpg
