page_url,video_code,playlist_url,quality,source
https://missav123.com/dm1/en/fc2-ppv-4628415,,https://surrit.com/aa9babc9-1ff2-4fb8-89ed-c8f353ca9bcf/1080p/video.m3u8,1080p,surrit.com
https://missav123.com/dm1/en/fc2-ppv-4628415,,https://surrit.com/aa9babc9-1ff2-4fb8-89ed-c8f353ca9bcf/720p/video.m3u8,720p,surrit.com
https://missav123.com/dm1/en/fc2-ppv-4628415,,https://surrit.com/aa9babc9-1ff2-4fb8-89ed-c8f353ca9bcf/playlist.m3u8,playlist,surrit.com
https://missav123.com/dm1/en/hmn-653-uncensored-leak,,https://surrit.com/da50b557-2666-4e59-891a-b304bd5a45fa/1080p/video.m3u8,1080p,surrit.com
https://missav123.com/dm1/en/hmn-653-uncensored-leak,,https://surrit.com/da50b557-2666-4e59-891a-b304bd5a45fa/720p/video.m3u8,720p,surrit.com
https://missav123.com/dm1/en/hmn-653-uncensored-leak,,https://surrit.com/da50b557-2666-4e59-891a-b304bd5a45fa/playlist.m3u8,playlist,surrit.com
https://missav123.com/dm1/en/jur-029-uncensored-leak,,https://surrit.com/0f7da70d-fe3a-4967-bc36-c7fa1ff13880/1080p/video.m3u8,1080p,surrit.com
https://missav123.com/dm1/en/jur-029-uncensored-leak,,https://surrit.com/0f7da70d-fe3a-4967-bc36-c7fa1ff13880/720p/video.m3u8,720p,surrit.com
https://missav123.com/dm1/en/jur-029-uncensored-leak,,https://surrit.com/0f7da70d-fe3a-4967-bc36-c7fa1ff13880/playlist.m3u8,playlist,surrit.com
https://missav123.com/dm1/en/jur-128-uncensored-leak,,https://surrit.com/609fc0c0-9f8a-4e8a-bce3-aba72c6c0437/1080p/video.m3u8,1080p,surrit.com
https://missav123.com/dm1/en/jur-128-uncensored-leak,,https://surrit.com/609fc0c0-9f8a-4e8a-bce3-aba72c6c0437/720p/video.m3u8,720p,surrit.com
https://missav123.com/dm1/en/jur-128-uncensored-leak,,https://surrit.com/609fc0c0-9f8a-4e8a-bce3-aba72c6c0437/playlist.m3u8,playlist,surrit.com
https://missav123.com/dm1/en/juy-925-english-subtitle,,https://surrit.com/2998453e-9a0e-41de-a49e-43df46f2eacf/720p/video.m3u8,720p,surrit.com
https://missav123.com/dm1/en/juy-925-english-subtitle,,https://surrit.com/2998453e-9a0e-41de-a49e-43df46f2eacf/playlist.m3u8,playlist,surrit.com
https://missav123.com/dm1/en/pppd-451-uncensored-leak,,https://surrit.com/8cb85228-5bd0-48f9-946f-9d5a4885b9ef/1080p/video.m3u8,1080p,surrit.com
https://missav123.com/dm1/en/pppd-451-uncensored-leak,,https://surrit.com/8cb85228-5bd0-48f9-946f-9d5a4885b9ef/720p/video.m3u8,720p,surrit.com
https://missav123.com/dm1/en/pppd-451-uncensored-leak,,https://surrit.com/8cb85228-5bd0-48f9-946f-9d5a4885b9ef/playlist.m3u8,playlist,surrit.com
https://missav123.com/dm1/en/real-885-uncensored-leak,,https://surrit.com/8a823f3d-9dac-456e-ad74-c4907faf0e84/1080p/video.m3u8,1080p,surrit.com
https://missav123.com/dm1/en/real-885-uncensored-leak,,https://surrit.com/8a823f3d-9dac-456e-ad74-c4907faf0e84/720p/video.m3u8,720p,surrit.com
https://missav123.com/dm1/en/real-885-uncensored-leak,,https://surrit.com/8a823f3d-9dac-456e-ad74-c4907faf0e84/playlist.m3u8,playlist,surrit.com
https://missav123.com/dm1/en/sone-562-uncensored-leak,,https://surrit.com/e627c638-4f21-4057-bfa5-15ecf6f37652/1080p/video.m3u8,1080p,surrit.com
https://missav123.com/dm1/en/sone-562-uncensored-leak,,https://surrit.com/e627c638-4f21-4057-bfa5-15ecf6f37652/720p/video.m3u8,720p,surrit.com
https://missav123.com/dm1/en/sone-562-uncensored-leak,,https://surrit.com/e627c638-4f21-4057-bfa5-15ecf6f37652/playlist.m3u8,playlist,surrit.com
https://missav123.com/dm1/en/sone-615-uncensored-leak,,https://surrit.com/34ca45c2-ea04-4496-b90f-a40ee128a6b2/720p/video.m3u8,720p,surrit.com
https://missav123.com/dm1/en/sone-615-uncensored-leak,,https://surrit.com/34ca45c2-ea04-4496-b90f-a40ee128a6b2/playlist.m3u8,playlist,surrit.com
https://missav123.com/dm1/en/start-169-uncensored-leak,,https://surrit.com/2edb5134-ece4-4049-9e0c-9ac9db69f57d/1080p/video.m3u8,1080p,surrit.com
https://missav123.com/dm1/en/start-169-uncensored-leak,,https://surrit.com/2edb5134-ece4-4049-9e0c-9ac9db69f57d/720p/video.m3u8,720p,surrit.com
https://missav123.com/dm1/en/start-169-uncensored-leak,,https://surrit.com/2edb5134-ece4-4049-9e0c-9ac9db69f57d/playlist.m3u8,playlist,surrit.com
https://missav123.com/dm107/en/adn-396-uncensored-leak,,https://surrit.com/e7b72c94-297c-424e-b65d-f73f3153f753/1280x720/video.m3u8,720p,surrit.com
https://missav123.com/dm107/en/adn-396-uncensored-leak,,https://surrit.com/e7b72c94-297c-424e-b65d-f73f3153f753/842x480/video.m3u8,480p,surrit.com
https://missav123.com/dm107/en/adn-396-uncensored-leak,,https://surrit.com/e7b72c94-297c-424e-b65d-f73f3153f753/playlist.m3u8,playlist,surrit.com
https://missav123.com/dm14/en/ipzz-301-uncensored-leak,,https://surrit.com/79517f66-e779-424c-94a9-c3745b65224f/1080p/video.m3u8,1080p,surrit.com
https://missav123.com/dm14/en/ipzz-301-uncensored-leak,,https://surrit.com/79517f66-e779-424c-94a9-c3745b65224f/720p/video.m3u8,720p,surrit.com
https://missav123.com/dm14/en/ipzz-301-uncensored-leak,,https://surrit.com/79517f66-e779-424c-94a9-c3745b65224f/playlist.m3u8,playlist,surrit.com
https://missav123.com/dm14/en/mudr-235-uncensored-leak,,https://surrit.com/0dc6630c-e5cb-4d1c-ba2a-4d601868e71f/1280x720/video.m3u8,720p,surrit.com
https://missav123.com/dm14/en/mudr-235-uncensored-leak,,https://surrit.com/0dc6630c-e5cb-4d1c-ba2a-4d601868e71f/842x480/video.m3u8,480p,surrit.com
https://missav123.com/dm14/en/mudr-235-uncensored-leak,,https://surrit.com/0dc6630c-e5cb-4d1c-ba2a-4d601868e71f/playlist.m3u8,playlist,surrit.com
https://missav123.com/dm14/en/sone-341-uncensored-leak,,https://surrit.com/8edbd1ea-b392-4c1b-b91a-d66fe45adb29/1080p/video.m3u8,1080p,surrit.com
https://missav123.com/dm14/en/sone-341-uncensored-leak,,https://surrit.com/8edbd1ea-b392-4c1b-b91a-d66fe45adb29/720p/video.m3u8,720p,surrit.com
https://missav123.com/dm14/en/sone-341-uncensored-leak,,https://surrit.com/8edbd1ea-b392-4c1b-b91a-d66fe45adb29/playlist.m3u8,playlist,surrit.com
https://missav123.com/dm15/en/dass-468-uncensored-leak,,https://surrit.com/70c7a77d-aa00-4ebe-8bda-4c31f48f92e6/1080p/video.m3u8,1080p,surrit.com
https://missav123.com/dm15/en/dass-468-uncensored-leak,,https://surrit.com/70c7a77d-aa00-4ebe-8bda-4c31f48f92e6/720p/video.m3u8,720p,surrit.com
https://missav123.com/dm15/en/dass-468-uncensored-leak,,https://surrit.com/70c7a77d-aa00-4ebe-8bda-4c31f48f92e6/playlist.m3u8,playlist,surrit.com
https://missav123.com/dm15/en/mimk-138-uncensored-leak,,https://surrit.com/a0e76827-a962-45d1-936e-cd877c37befc/1280x720/video.m3u8,720p,surrit.com
https://missav123.com/dm15/en/mimk-138-uncensored-leak,,https://surrit.com/a0e76827-a962-45d1-936e-cd877c37befc/842x480/video.m3u8,480p,surrit.com
https://missav123.com/dm15/en/mimk-138-uncensored-leak,,https://surrit.com/a0e76827-a962-45d1-936e-cd877c37befc/playlist.m3u8,playlist,surrit.com
https://missav123.com/dm15/en/ssis-951-uncensored-leak,,https://surrit.com/7010314a-0098-4094-ba6d-1e2516b5dac4/1280x720/video.m3u8,720p,surrit.com
https://missav123.com/dm15/en/ssis-951-uncensored-leak,,https://surrit.com/7010314a-0098-4094-ba6d-1e2516b5dac4/842x480/video.m3u8,480p,surrit.com
https://missav123.com/dm15/en/ssis-951-uncensored-leak,,https://surrit.com/7010314a-0098-4094-ba6d-1e2516b5dac4/playlist.m3u8,playlist,surrit.com
https://missav123.com/dm16/en/hnd-765-uncensored-leak,,https://surrit.com/230101f7-5cad-41fd-bce0-5803933f054f/1280x720/video.m3u8,720p,surrit.com
https://missav123.com/dm16/en/hnd-765-uncensored-leak,,https://surrit.com/230101f7-5cad-41fd-bce0-5803933f054f/842x480/video.m3u8,480p,surrit.com
https://missav123.com/dm16/en/hnd-765-uncensored-leak,,https://surrit.com/230101f7-5cad-41fd-bce0-5803933f054f/playlist.m3u8,playlist,surrit.com
https://missav123.com/dm16/en/jul-876-uncensored-leak,,https://surrit.com/b1b00bb1-fdde-4f88-830c-33e63242f3f0/720p/video.m3u8,720p,surrit.com
https://missav123.com/dm16/en/jul-876-uncensored-leak,,https://surrit.com/b1b00bb1-fdde-4f88-830c-33e63242f3f0/playlist.m3u8,playlist,surrit.com
https://missav123.com/dm17/en/sone-525-uncensored-leak,,https://surrit.com/6f7ddfca-eff2-4cbb-b49b-94bac9d9c582/1080p/video.m3u8,1080p,surrit.com
https://missav123.com/dm17/en/sone-525-uncensored-leak,,https://surrit.com/6f7ddfca-eff2-4cbb-b49b-94bac9d9c582/720p/video.m3u8,720p,surrit.com
https://missav123.com/dm17/en/sone-525-uncensored-leak,,https://surrit.com/6f7ddfca-eff2-4cbb-b49b-94bac9d9c582/playlist.m3u8,playlist,surrit.com
https://missav123.com/dm19/en/meyd-928-uncensored-leak,,https://surrit.com/11a26896-d178-4e42-82cf-6528a70fb572/1080p/video.m3u8,1080p,surrit.com
https://missav123.com/dm19/en/meyd-928-uncensored-leak,,https://surrit.com/11a26896-d178-4e42-82cf-6528a70fb572/720p/video.m3u8,720p,surrit.com
https://missav123.com/dm19/en/meyd-928-uncensored-leak,,https://surrit.com/11a26896-d178-4e42-82cf-6528a70fb572/playlist.m3u8,playlist,surrit.com
https://missav123.com/dm2/en/juy-837-uncensored-leak,,https://surrit.com/0abe5b29-879b-4622-ab70-5625bdbb8796/1080p/video.m3u8,1080p,surrit.com
https://missav123.com/dm2/en/juy-837-uncensored-leak,,https://surrit.com/0abe5b29-879b-4622-ab70-5625bdbb8796/720p/video.m3u8,720p,surrit.com
https://missav123.com/dm2/en/juy-837-uncensored-leak,,https://surrit.com/0abe5b29-879b-4622-ab70-5625bdbb8796/playlist.m3u8,playlist,surrit.com
https://missav123.com/dm2/en/mide-903-uncensored-leak,,https://surrit.com/206bb723-d53b-446f-a607-58208408d313/720p/video.m3u8,720p,surrit.com
https://missav123.com/dm2/en/mide-903-uncensored-leak,,https://surrit.com/206bb723-d53b-446f-a607-58208408d313/playlist.m3u8,playlist,surrit.com
https://missav123.com/dm2/en/mimk-044-uncensored-leak,,https://surrit.com/469ee206-b8c6-4abc-96df-9fc36ebb5b2c/1080p/video.m3u8,1080p,surrit.com
https://missav123.com/dm2/en/mimk-044-uncensored-leak,,https://surrit.com/469ee206-b8c6-4abc-96df-9fc36ebb5b2c/720p/video.m3u8,720p,surrit.com
https://missav123.com/dm2/en/mimk-044-uncensored-leak,,https://surrit.com/469ee206-b8c6-4abc-96df-9fc36ebb5b2c/playlist.m3u8,playlist,surrit.com
https://missav123.com/dm2/en/sone-569-uncensored-leak,,https://surrit.com/c6380682-8239-4dcf-92c2-fbcee6a91807/1080p/video.m3u8,1080p,surrit.com
https://missav123.com/dm2/en/sone-569-uncensored-leak,,https://surrit.com/c6380682-8239-4dcf-92c2-fbcee6a91807/720p/video.m3u8,720p,surrit.com
https://missav123.com/dm2/en/sone-569-uncensored-leak,,https://surrit.com/c6380682-8239-4dcf-92c2-fbcee6a91807/playlist.m3u8,playlist,surrit.com
https://missav123.com/dm2/en/ssni-727-uncensored-leak,,https://surrit.com/695932e8-5220-4adc-b455-7929606ce2a3/1080p/video.m3u8,1080p,surrit.com
https://missav123.com/dm2/en/ssni-727-uncensored-leak,,https://surrit.com/695932e8-5220-4adc-b455-7929606ce2a3/720p/video.m3u8,720p,surrit.com
https://missav123.com/dm2/en/ssni-727-uncensored-leak,,https://surrit.com/695932e8-5220-4adc-b455-7929606ce2a3/playlist.m3u8,playlist,surrit.com
https://missav123.com/dm25/en/juq-446-uncensored-leak,,https://surrit.com/b563efdb-21ba-4059-99db-743149fce879/1280x720/video.m3u8,720p,surrit.com
https://missav123.com/dm25/en/juq-446-uncensored-leak,,https://surrit.com/b563efdb-21ba-4059-99db-743149fce879/842x480/video.m3u8,480p,surrit.com
https://missav123.com/dm25/en/juq-446-uncensored-leak,,https://surrit.com/b563efdb-21ba-4059-99db-743149fce879/playlist.m3u8,playlist,surrit.com
https://missav123.com/dm26/en/cjod-408-uncensored-leak,,https://surrit.com/a5331ac3-b9af-48b2-941c-7d0fd9f371e7/1080p/video.m3u8,1080p,surrit.com
https://missav123.com/dm26/en/cjod-408-uncensored-leak,,https://surrit.com/a5331ac3-b9af-48b2-941c-7d0fd9f371e7/720p/video.m3u8,720p,surrit.com
https://missav123.com/dm26/en/cjod-408-uncensored-leak,,https://surrit.com/a5331ac3-b9af-48b2-941c-7d0fd9f371e7/playlist.m3u8,playlist,surrit.com
https://missav123.com/dm26/en/jul-208-uncensored-leak,,https://surrit.com/b1dc8bf0-e87f-48b7-b872-870ec4ea60b2/480p/video.m3u8,480p,surrit.com
https://missav123.com/dm26/en/jul-208-uncensored-leak,,https://surrit.com/b1dc8bf0-e87f-48b7-b872-870ec4ea60b2/playlist.m3u8,playlist,surrit.com
https://missav123.com/dm26/en/jul-305-uncensored-leak,,https://surrit.com/0b7fc776-79ed-4560-a514-06d0fde1ed2e/1080p/video.m3u8,1080p,surrit.com
https://missav123.com/dm26/en/jul-305-uncensored-leak,,https://surrit.com/0b7fc776-79ed-4560-a514-06d0fde1ed2e/720p/video.m3u8,720p,surrit.com
https://missav123.com/dm26/en/jul-305-uncensored-leak,,https://surrit.com/0b7fc776-79ed-4560-a514-06d0fde1ed2e/playlist.m3u8,playlist,surrit.com
https://missav123.com/dm27/en/mide-781-uncensored-leak,,https://surrit.com/056f2df3-29e0-4676-8aa4-8876c4b2a1df/1080p/video.m3u8,1080p,surrit.com
https://missav123.com/dm27/en/mide-781-uncensored-leak,,https://surrit.com/056f2df3-29e0-4676-8aa4-8876c4b2a1df/720p/video.m3u8,720p,surrit.com
https://missav123.com/dm27/en/mide-781-uncensored-leak,,https://surrit.com/056f2df3-29e0-4676-8aa4-8876c4b2a1df/playlist.m3u8,playlist,surrit.com
https://missav123.com/dm28/en/miab-170-uncensored-leak,,https://surrit.com/4f301670-0ad7-4194-abce-f93efc76061a/1080p/video.m3u8,1080p,surrit.com
https://missav123.com/dm28/en/miab-170-uncensored-leak,,https://surrit.com/4f301670-0ad7-4194-abce-f93efc76061a/720p/video.m3u8,720p,surrit.com
https://missav123.com/dm28/en/miab-170-uncensored-leak,,https://surrit.com/4f301670-0ad7-4194-abce-f93efc76061a/playlist.m3u8,playlist,surrit.com
https://missav123.com/dm28/en/pppd-408-uncensored-leak,,https://surrit.com/bafce24e-3e08-493f-b963-c3dd3abcab41/1280x720/video.m3u8,720p,surrit.com
https://missav123.com/dm28/en/pppd-408-uncensored-leak,,https://surrit.com/bafce24e-3e08-493f-b963-c3dd3abcab41/842x480/video.m3u8,480p,surrit.com
https://missav123.com/dm28/en/pppd-408-uncensored-leak,,https://surrit.com/bafce24e-3e08-493f-b963-c3dd3abcab41/playlist.m3u8,playlist,surrit.com
https://missav123.com/dm28/en/sone-146-uncensored-leak,,https://surrit.com/790092aa-b130-44d2-9111-bb524da16f89/1080p/video.m3u8,1080p,surrit.com
https://missav123.com/dm28/en/sone-146-uncensored-leak,,https://surrit.com/790092aa-b130-44d2-9111-bb524da16f89/720p/video.m3u8,720p,surrit.com
https://missav123.com/dm28/en/sone-146-uncensored-leak,,https://surrit.com/790092aa-b130-44d2-9111-bb524da16f89/playlist.m3u8,playlist,surrit.com
https://missav123.com/dm29/en/jux-816-uncensored-leak,,https://surrit.com/49f8f259-f610-404a-b1dd-9880f9ba068b/1280x720/video.m3u8,720p,surrit.com
https://missav123.com/dm29/en/jux-816-uncensored-leak,,https://surrit.com/49f8f259-f610-404a-b1dd-9880f9ba068b/842x480/video.m3u8,480p,surrit.com
https://missav123.com/dm29/en/jux-816-uncensored-leak,,https://surrit.com/49f8f259-f610-404a-b1dd-9880f9ba068b/playlist.m3u8,playlist,surrit.com
https://missav123.com/dm29/en/waaa-462-uncensored-leak,,https://surrit.com/cca75677-5a8a-453b-85d2-51d75e6c59b3/1080p/video.m3u8,1080p,surrit.com
https://missav123.com/dm29/en/waaa-462-uncensored-leak,,https://surrit.com/cca75677-5a8a-453b-85d2-51d75e6c59b3/720p/video.m3u8,720p,surrit.com
https://missav123.com/dm29/en/waaa-462-uncensored-leak,,https://surrit.com/cca75677-5a8a-453b-85d2-51d75e6c59b3/playlist.m3u8,playlist,surrit.com
https://missav123.com/dm3/en/sone-228-uncensored-leak,,https://surrit.com/8882e326-0ddb-4924-a481-d84f823a1b38/1080p/video.m3u8,1080p,surrit.com
https://missav123.com/dm3/en/sone-228-uncensored-leak,,https://surrit.com/8882e326-0ddb-4924-a481-d84f823a1b38/720p/video.m3u8,720p,surrit.com
https://missav123.com/dm3/en/sone-228-uncensored-leak,,https://surrit.com/8882e326-0ddb-4924-a481-d84f823a1b38/playlist.m3u8,playlist,surrit.com
https://missav123.com/dm30/en/sone-479-uncensored-leak,,https://surrit.com/0b7b1e14-8dec-4290-9a7d-ae8a32942aee/1080p/video.m3u8,1080p,surrit.com
https://missav123.com/dm30/en/sone-479-uncensored-leak,,https://surrit.com/0b7b1e14-8dec-4290-9a7d-ae8a32942aee/720p/video.m3u8,720p,surrit.com
https://missav123.com/dm30/en/sone-479-uncensored-leak,,https://surrit.com/0b7b1e14-8dec-4290-9a7d-ae8a32942aee/playlist.m3u8,playlist,surrit.com
https://missav123.com/dm31/en/ebwh-084-uncensored-leak,,https://surrit.com/3b98cab6-237f-4e3d-9bdb-559a9d8e8eec/1080p/video.m3u8,1080p,surrit.com
https://missav123.com/dm31/en/ebwh-084-uncensored-leak,,https://surrit.com/3b98cab6-237f-4e3d-9bdb-559a9d8e8eec/720p/video.m3u8,720p,surrit.com
https://missav123.com/dm31/en/ebwh-084-uncensored-leak,,https://surrit.com/3b98cab6-237f-4e3d-9bdb-559a9d8e8eec/playlist.m3u8,playlist,surrit.com
https://missav123.com/dm31/en/ipzz-492-uncensored-leak,,https://surrit.com/b02d4687-958f-4cf4-9986-56fbdfc1197b/1080p/video.m3u8,1080p,surrit.com
https://missav123.com/dm31/en/ipzz-492-uncensored-leak,,https://surrit.com/b02d4687-958f-4cf4-9986-56fbdfc1197b/720p/video.m3u8,720p,surrit.com
https://missav123.com/dm31/en/ipzz-492-uncensored-leak,,https://surrit.com/b02d4687-958f-4cf4-9986-56fbdfc1197b/playlist.m3u8,playlist,surrit.com
https://missav123.com/dm31/en/k1400,,https://surrit.com/1361df2f-8dd7-486c-87ac-d6acf304f6c3/1280x720/video.m3u8,720p,surrit.com
https://missav123.com/dm31/en/k1400,,https://surrit.com/1361df2f-8dd7-486c-87ac-d6acf304f6c3/842x480/video.m3u8,480p,surrit.com
https://missav123.com/dm31/en/k1400,,https://surrit.com/1361df2f-8dd7-486c-87ac-d6acf304f6c3/playlist.m3u8,playlist,surrit.com
https://missav123.com/dm31/en/meyd-568-uncensored-leak,,https://surrit.com/998feecc-9bdd-48f1-82ff-ae5ba659cc04/1080p/video.m3u8,1080p,surrit.com
https://missav123.com/dm31/en/meyd-568-uncensored-leak,,https://surrit.com/998feecc-9bdd-48f1-82ff-ae5ba659cc04/720p/video.m3u8,720p,surrit.com
https://missav123.com/dm31/en/meyd-568-uncensored-leak,,https://surrit.com/998feecc-9bdd-48f1-82ff-ae5ba659cc04/playlist.m3u8,playlist,surrit.com
https://missav123.com/dm31/en/n0843,,https://surrit.com/602c934a-66a3-4177-adf5-760392825e36/1280x720/video.m3u8,720p,surrit.com
https://missav123.com/dm31/en/n0843,,https://surrit.com/602c934a-66a3-4177-adf5-760392825e36/842x480/video.m3u8,480p,surrit.com
https://missav123.com/dm31/en/n0843,,https://surrit.com/602c934a-66a3-4177-adf5-760392825e36/playlist.m3u8,playlist,surrit.com
https://missav123.com/dm32/en/juq-988-uncensored-leak,,https://surrit.com/91a89dce-305b-4c24-bfa0-2e87cb39b465/1080p/video.m3u8,1080p,surrit.com
https://missav123.com/dm32/en/juq-988-uncensored-leak,,https://surrit.com/91a89dce-305b-4c24-bfa0-2e87cb39b465/720p/video.m3u8,720p,surrit.com
https://missav123.com/dm32/en/juq-988-uncensored-leak,,https://surrit.com/91a89dce-305b-4c24-bfa0-2e87cb39b465/playlist.m3u8,playlist,surrit.com
https://missav123.com/dm34/en/tek-067-uncensored-leak,,https://surrit.com/f4501209-60e9-453b-bd70-2242ec42faa9/1080p/video.m3u8,1080p,surrit.com
https://missav123.com/dm34/en/tek-067-uncensored-leak,,https://surrit.com/f4501209-60e9-453b-bd70-2242ec42faa9/720p/video.m3u8,720p,surrit.com
https://missav123.com/dm34/en/tek-067-uncensored-leak,,https://surrit.com/f4501209-60e9-453b-bd70-2242ec42faa9/playlist.m3u8,playlist,surrit.com
https://missav123.com/dm36/en/ssni-799-uncensored-leak,,https://surrit.com/535e3314-fb11-48cd-bcdf-c5066bbc3265/1280x720/video.m3u8,720p,surrit.com
https://missav123.com/dm36/en/ssni-799-uncensored-leak,,https://surrit.com/535e3314-fb11-48cd-bcdf-c5066bbc3265/842x480/video.m3u8,480p,surrit.com
https://missav123.com/dm36/en/ssni-799-uncensored-leak,,https://surrit.com/535e3314-fb11-48cd-bcdf-c5066bbc3265/playlist.m3u8,playlist,surrit.com
https://missav123.com/dm39/en/ssis-117-uncensored-leak,,https://surrit.com/c085d965-67aa-48e7-b9ec-5672d35117e2/1280x720/video.m3u8,720p,surrit.com
https://missav123.com/dm39/en/ssis-117-uncensored-leak,,https://surrit.com/c085d965-67aa-48e7-b9ec-5672d35117e2/842x480/video.m3u8,480p,surrit.com
https://missav123.com/dm39/en/ssis-117-uncensored-leak,,https://surrit.com/c085d965-67aa-48e7-b9ec-5672d35117e2/playlist.m3u8,playlist,surrit.com
https://missav123.com/dm4/en/aarm-250-uncensored-leak,,https://surrit.com/1c25585d-2d21-4aed-9326-d0b9dc624867/1080p/video.m3u8,1080p,surrit.com
https://missav123.com/dm4/en/aarm-250-uncensored-leak,,https://surrit.com/1c25585d-2d21-4aed-9326-d0b9dc624867/720p/video.m3u8,720p,surrit.com
https://missav123.com/dm4/en/aarm-250-uncensored-leak,,https://surrit.com/1c25585d-2d21-4aed-9326-d0b9dc624867/playlist.m3u8,playlist,surrit.com
https://missav123.com/dm40/en/jul-792-uncensored-leak,,https://surrit.com/23d6cd0b-e5cc-4e01-9b86-dd513c608980/1280x720/video.m3u8,720p,surrit.com
https://missav123.com/dm40/en/jul-792-uncensored-leak,,https://surrit.com/23d6cd0b-e5cc-4e01-9b86-dd513c608980/842x480/video.m3u8,480p,surrit.com
https://missav123.com/dm40/en/jul-792-uncensored-leak,,https://surrit.com/23d6cd0b-e5cc-4e01-9b86-dd513c608980/playlist.m3u8,playlist,surrit.com
https://missav123.com/dm41/en/miaa-430-uncensored-leak,,https://surrit.com/9191b376-a3e0-40b8-81f7-9caac78c24d7/720p/video.m3u8,720p,surrit.com
https://missav123.com/dm41/en/miaa-430-uncensored-leak,,https://surrit.com/9191b376-a3e0-40b8-81f7-9caac78c24d7/playlist.m3u8,playlist,surrit.com
https://missav123.com/dm41/en/ssni-466-uncensored-leak,,https://surrit.com/d4b63aba-bc73-4822-a7b4-29328656f4c5/1280x720/video.m3u8,720p,surrit.com
https://missav123.com/dm41/en/ssni-466-uncensored-leak,,https://surrit.com/d4b63aba-bc73-4822-a7b4-29328656f4c5/842x480/video.m3u8,480p,surrit.com
https://missav123.com/dm41/en/ssni-466-uncensored-leak,,https://surrit.com/d4b63aba-bc73-4822-a7b4-29328656f4c5/playlist.m3u8,playlist,surrit.com
https://missav123.com/dm44/en/juq-797-uncensored-leak,,https://surrit.com/79b4d812-ba52-4849-a270-25b8557f557a/1080p/video.m3u8,1080p,surrit.com
https://missav123.com/dm44/en/juq-797-uncensored-leak,,https://surrit.com/79b4d812-ba52-4849-a270-25b8557f557a/720p/video.m3u8,720p,surrit.com
https://missav123.com/dm44/en/juq-797-uncensored-leak,,https://surrit.com/79b4d812-ba52-4849-a270-25b8557f557a/playlist.m3u8,playlist,surrit.com
https://missav123.com/dm44/en/same-090-uncensored-leak,,https://surrit.com/56855da2-32c7-4ef7-bdf4-3bbcd7f66b42/1280x720/video.m3u8,720p,surrit.com
https://missav123.com/dm44/en/same-090-uncensored-leak,,https://surrit.com/56855da2-32c7-4ef7-bdf4-3bbcd7f66b42/842x480/video.m3u8,480p,surrit.com
https://missav123.com/dm44/en/same-090-uncensored-leak,,https://surrit.com/56855da2-32c7-4ef7-bdf4-3bbcd7f66b42/playlist.m3u8,playlist,surrit.com
https://missav123.com/dm46/en/sone-499-uncensored-leak,,https://surrit.com/7a8e83b8-3e0b-4e5d-9ffc-d49e04f4493b/1080p/video.m3u8,1080p,surrit.com
https://missav123.com/dm46/en/sone-499-uncensored-leak,,https://surrit.com/7a8e83b8-3e0b-4e5d-9ffc-d49e04f4493b/720p/video.m3u8,720p,surrit.com
https://missav123.com/dm46/en/sone-499-uncensored-leak,,https://surrit.com/7a8e83b8-3e0b-4e5d-9ffc-d49e04f4493b/playlist.m3u8,playlist,surrit.com
https://missav123.com/dm49/en/ipzz-188-uncensored-leak,,https://surrit.com/135742e7-180f-48ff-9583-0c9d944c8fa7/1280x720/video.m3u8,720p,surrit.com
https://missav123.com/dm49/en/ipzz-188-uncensored-leak,,https://surrit.com/135742e7-180f-48ff-9583-0c9d944c8fa7/842x480/video.m3u8,480p,surrit.com
https://missav123.com/dm49/en/ipzz-188-uncensored-leak,,https://surrit.com/135742e7-180f-48ff-9583-0c9d944c8fa7/playlist.m3u8,playlist,surrit.com
https://missav123.com/dm5/en/fjin-058-uncensored-leak,,https://surrit.com/49194005-09fc-46a4-a188-5e67b4bde9f7/1080p/video.m3u8,1080p,surrit.com
https://missav123.com/dm5/en/fjin-058-uncensored-leak,,https://surrit.com/49194005-09fc-46a4-a188-5e67b4bde9f7/720p/video.m3u8,720p,surrit.com
https://missav123.com/dm5/en/fjin-058-uncensored-leak,,https://surrit.com/49194005-09fc-46a4-a188-5e67b4bde9f7/playlist.m3u8,playlist,surrit.com
https://missav123.com/dm5/en/homa-095-uncensored-leak,,https://surrit.com/9c548864-0bdf-48e4-ba88-55917d4672e1/1080p/video.m3u8,1080p,surrit.com
https://missav123.com/dm5/en/homa-095-uncensored-leak,,https://surrit.com/9c548864-0bdf-48e4-ba88-55917d4672e1/720p/video.m3u8,720p,surrit.com
https://missav123.com/dm5/en/homa-095-uncensored-leak,,https://surrit.com/9c548864-0bdf-48e4-ba88-55917d4672e1/playlist.m3u8,playlist,surrit.com
https://missav123.com/dm51/en/ure-055-uncensored-leak,,https://surrit.com/194b555f-fa50-443b-a478-5b2c1f45f858/1280x720/video.m3u8,720p,surrit.com
https://missav123.com/dm51/en/ure-055-uncensored-leak,,https://surrit.com/194b555f-fa50-443b-a478-5b2c1f45f858/842x480/video.m3u8,480p,surrit.com
https://missav123.com/dm51/en/ure-055-uncensored-leak,,https://surrit.com/194b555f-fa50-443b-a478-5b2c1f45f858/playlist.m3u8,playlist,surrit.com
https://missav123.com/dm52/en/ssis-211-uncensored-leak,,https://surrit.com/34a37cfb-b167-4fc5-a389-97f7af280a92/1280x720/video.m3u8,720p,surrit.com
https://missav123.com/dm52/en/ssis-211-uncensored-leak,,https://surrit.com/34a37cfb-b167-4fc5-a389-97f7af280a92/842x480/video.m3u8,480p,surrit.com
https://missav123.com/dm52/en/ssis-211-uncensored-leak,,https://surrit.com/34a37cfb-b167-4fc5-a389-97f7af280a92/playlist.m3u8,playlist,surrit.com
https://missav123.com/dm53/en/sone-248-uncensored-leak,,https://surrit.com/8ffc7c34-4712-48ab-9fee-66d8b148f33e/1080p/video.m3u8,1080p,surrit.com
https://missav123.com/dm53/en/sone-248-uncensored-leak,,https://surrit.com/8ffc7c34-4712-48ab-9fee-66d8b148f33e/720p/video.m3u8,720p,surrit.com
https://missav123.com/dm53/en/sone-248-uncensored-leak,,https://surrit.com/8ffc7c34-4712-48ab-9fee-66d8b148f33e/playlist.m3u8,playlist,surrit.com
https://missav123.com/dm53/en/ssis-221-uncensored-leak,,https://surrit.com/b658fe14-ee7e-4d67-809b-5a3f4d2ef412/1280x720/video.m3u8,720p,surrit.com
https://missav123.com/dm53/en/ssis-221-uncensored-leak,,https://surrit.com/b658fe14-ee7e-4d67-809b-5a3f4d2ef412/842x480/video.m3u8,480p,surrit.com
https://missav123.com/dm53/en/ssis-221-uncensored-leak,,https://surrit.com/b658fe14-ee7e-4d67-809b-5a3f4d2ef412/playlist.m3u8,playlist,surrit.com
https://missav123.com/dm53/en/ssis-978-uncensored-leak,,https://surrit.com/fe951eee-6213-4f90-a81a-ac947b0f2eb1/1280x720/video.m3u8,720p,surrit.com
https://missav123.com/dm53/en/ssis-978-uncensored-leak,,https://surrit.com/fe951eee-6213-4f90-a81a-ac947b0f2eb1/842x480/video.m3u8,480p,surrit.com
https://missav123.com/dm53/en/ssis-978-uncensored-leak,,https://surrit.com/fe951eee-6213-4f90-a81a-ac947b0f2eb1/playlist.m3u8,playlist,surrit.com
https://missav123.com/dm54/en/juq-321-uncensored-leak,,https://surrit.com/da62e1fa-2e1a-451f-9db5-a85b64072a3c/1280x720/video.m3u8,720p,surrit.com
https://missav123.com/dm54/en/juq-321-uncensored-leak,,https://surrit.com/da62e1fa-2e1a-451f-9db5-a85b64072a3c/842x480/video.m3u8,480p,surrit.com
https://missav123.com/dm54/en/juq-321-uncensored-leak,,https://surrit.com/da62e1fa-2e1a-451f-9db5-a85b64072a3c/playlist.m3u8,playlist,surrit.com
https://missav123.com/dm54/en/pred-376-uncensored-leak,,https://surrit.com/9213fd56-899e-4f3c-8b7d-2282f56455a2/1280x720/video.m3u8,720p,surrit.com
https://missav123.com/dm54/en/pred-376-uncensored-leak,,https://surrit.com/9213fd56-899e-4f3c-8b7d-2282f56455a2/842x480/video.m3u8,480p,surrit.com
https://missav123.com/dm54/en/pred-376-uncensored-leak,,https://surrit.com/9213fd56-899e-4f3c-8b7d-2282f56455a2/playlist.m3u8,playlist,surrit.com
https://missav123.com/dm54/en/ssni-822-uncensored-leak,,https://surrit.com/4edfc1b9-f206-4c50-867c-6b953201343a/1280x720/video.m3u8,720p,surrit.com
https://missav123.com/dm54/en/ssni-822-uncensored-leak,,https://surrit.com/4edfc1b9-f206-4c50-867c-6b953201343a/842x480/video.m3u8,480p,surrit.com
https://missav123.com/dm54/en/ssni-822-uncensored-leak,,https://surrit.com/4edfc1b9-f206-4c50-867c-6b953201343a/playlist.m3u8,playlist,surrit.com
https://missav123.com/dm55/en/jul-880-uncensored-leak,,https://surrit.com/d0fb7eba-84fd-4702-8085-4384ea49bc09/1280x720/video.m3u8,720p,surrit.com
https://missav123.com/dm55/en/jul-880-uncensored-leak,,https://surrit.com/d0fb7eba-84fd-4702-8085-4384ea49bc09/842x480/video.m3u8,480p,surrit.com
https://missav123.com/dm55/en/jul-880-uncensored-leak,,https://surrit.com/d0fb7eba-84fd-4702-8085-4384ea49bc09/playlist.m3u8,playlist,surrit.com
https://missav123.com/dm56/en/cawd-658-uncensored-leak,,https://surrit.com/6371738f-3d77-46ce-9662-93135307e5b3/1080p/video.m3u8,1080p,surrit.com
https://missav123.com/dm56/en/cawd-658-uncensored-leak,,https://surrit.com/6371738f-3d77-46ce-9662-93135307e5b3/720p/video.m3u8,720p,surrit.com
https://missav123.com/dm56/en/cawd-658-uncensored-leak,,https://surrit.com/6371738f-3d77-46ce-9662-93135307e5b3/playlist.m3u8,playlist,surrit.com
https://missav123.com/dm56/en/midv-615-uncensored-leak,,https://surrit.com/43b4ebdc-997b-409c-8083-0426a3121a5e/1280x720/video.m3u8,720p,surrit.com
https://missav123.com/dm56/en/midv-615-uncensored-leak,,https://surrit.com/43b4ebdc-997b-409c-8083-0426a3121a5e/842x480/video.m3u8,480p,surrit.com
https://missav123.com/dm56/en/midv-615-uncensored-leak,,https://surrit.com/43b4ebdc-997b-409c-8083-0426a3121a5e/playlist.m3u8,playlist,surrit.com
https://missav123.com/dm59/en/meyd-893-uncensored-leak,,https://surrit.com/bbb333b9-c2f9-45f6-acfc-0acfbeb92a22/1080p/video.m3u8,1080p,surrit.com
https://missav123.com/dm59/en/meyd-893-uncensored-leak,,https://surrit.com/bbb333b9-c2f9-45f6-acfc-0acfbeb92a22/720p/video.m3u8,720p,surrit.com
https://missav123.com/dm59/en/meyd-893-uncensored-leak,,https://surrit.com/bbb333b9-c2f9-45f6-acfc-0acfbeb92a22/playlist.m3u8,playlist,surrit.com
https://missav123.com/dm60/en/juq-982-uncensored-leak,,https://surrit.com/931eb7dc-8ae4-4fa3-868e-f1dd8046014c/720p/video.m3u8,720p,surrit.com
https://missav123.com/dm60/en/juq-982-uncensored-leak,,https://surrit.com/931eb7dc-8ae4-4fa3-868e-f1dd8046014c/playlist.m3u8,playlist,surrit.com
https://missav123.com/dm65/en/ipx-758-uncensored-leak,,https://surrit.com/a53c2489-24d6-48e5-aa5f-06085f18fed3/1280x720/video.m3u8,720p,surrit.com
https://missav123.com/dm65/en/ipx-758-uncensored-leak,,https://surrit.com/a53c2489-24d6-48e5-aa5f-06085f18fed3/842x480/video.m3u8,480p,surrit.com
https://missav123.com/dm65/en/ipx-758-uncensored-leak,,https://surrit.com/a53c2489-24d6-48e5-aa5f-06085f18fed3/playlist.m3u8,playlist,surrit.com
https://missav123.com/dm65/en/ssis-306-uncensored-leak,,https://surrit.com/30558968-a5f4-4608-ae8e-cf7134bc0ede/1280x720/video.m3u8,720p,surrit.com
https://missav123.com/dm65/en/ssis-306-uncensored-leak,,https://surrit.com/30558968-a5f4-4608-ae8e-cf7134bc0ede/842x480/video.m3u8,480p,surrit.com
https://missav123.com/dm65/en/ssis-306-uncensored-leak,,https://surrit.com/30558968-a5f4-4608-ae8e-cf7134bc0ede/playlist.m3u8,playlist,surrit.com
https://missav123.com/dm66/en/ipzz-153-uncensored-leak,,https://surrit.com/d1450139-a732-4842-b012-b0612b8c5a7e/1280x720/video.m3u8,720p,surrit.com
https://missav123.com/dm66/en/ipzz-153-uncensored-leak,,https://surrit.com/d1450139-a732-4842-b012-b0612b8c5a7e/842x480/video.m3u8,480p,surrit.com
https://missav123.com/dm66/en/ipzz-153-uncensored-leak,,https://surrit.com/d1450139-a732-4842-b012-b0612b8c5a7e/playlist.m3u8,playlist,surrit.com
https://missav123.com/dm67/en/achj-005-uncensored-leak,,https://surrit.com/51e77f82-8d1f-4fde-8b41-53170f001aad/1280x720/video.m3u8,720p,surrit.com
https://missav123.com/dm67/en/achj-005-uncensored-leak,,https://surrit.com/51e77f82-8d1f-4fde-8b41-53170f001aad/842x480/video.m3u8,480p,surrit.com
https://missav123.com/dm67/en/achj-005-uncensored-leak,,https://surrit.com/51e77f82-8d1f-4fde-8b41-53170f001aad/playlist.m3u8,playlist,surrit.com
https://missav123.com/dm67/en/midv-643-uncensored-leak,,https://surrit.com/511e19ea-8d1c-4549-a47d-0f9f616c9e33/1080p/video.m3u8,1080p,surrit.com
https://missav123.com/dm67/en/midv-643-uncensored-leak,,https://surrit.com/511e19ea-8d1c-4549-a47d-0f9f616c9e33/720p/video.m3u8,720p,surrit.com
https://missav123.com/dm67/en/midv-643-uncensored-leak,,https://surrit.com/511e19ea-8d1c-4549-a47d-0f9f616c9e33/playlist.m3u8,playlist,surrit.com
https://missav123.com/dm69/en/cawd-621-uncensored-leak,,https://surrit.com/fdd9638e-28a0-4d75-9093-e80f0bdbc97f/1280x720/video.m3u8,720p,surrit.com
https://missav123.com/dm69/en/cawd-621-uncensored-leak,,https://surrit.com/fdd9638e-28a0-4d75-9093-e80f0bdbc97f/842x480/video.m3u8,480p,surrit.com
https://missav123.com/dm69/en/cawd-621-uncensored-leak,,https://surrit.com/fdd9638e-28a0-4d75-9093-e80f0bdbc97f/playlist.m3u8,playlist,surrit.com
https://missav123.com/dm69/en/mudr-285-uncensored-leak,,https://surrit.com/93e3a138-ce2a-47f4-b415-2d1ce65feb40/1080p/video.m3u8,1080p,surrit.com
https://missav123.com/dm69/en/mudr-285-uncensored-leak,,https://surrit.com/93e3a138-ce2a-47f4-b415-2d1ce65feb40/720p/video.m3u8,720p,surrit.com
https://missav123.com/dm69/en/mudr-285-uncensored-leak,,https://surrit.com/93e3a138-ce2a-47f4-b415-2d1ce65feb40/playlist.m3u8,playlist,surrit.com
https://missav123.com/dm69/en/ssis-509-uncensored-leak,,https://surrit.com/02966a00-04e2-44cb-b3ee-a57ce5bb9f99/1280x720/video.m3u8,720p,surrit.com
https://missav123.com/dm69/en/ssis-509-uncensored-leak,,https://surrit.com/02966a00-04e2-44cb-b3ee-a57ce5bb9f99/842x480/video.m3u8,480p,surrit.com
https://missav123.com/dm69/en/ssis-509-uncensored-leak,,https://surrit.com/02966a00-04e2-44cb-b3ee-a57ce5bb9f99/playlist.m3u8,playlist,surrit.com
https://missav123.com/dm77/en/midv-229-uncensored-leak,,https://surrit.com/07bae3f6-5c90-40a0-8993-7f49ef16216f/1280x720/video.m3u8,720p,surrit.com
https://missav123.com/dm77/en/midv-229-uncensored-leak,,https://surrit.com/07bae3f6-5c90-40a0-8993-7f49ef16216f/842x480/video.m3u8,480p,surrit.com
https://missav123.com/dm77/en/midv-229-uncensored-leak,,https://surrit.com/07bae3f6-5c90-40a0-8993-7f49ef16216f/playlist.m3u8,playlist,surrit.com
https://missav123.com/dm78/en/mide-113-uncensored-leak,,https://surrit.com/6ffc9749-30e2-4d0f-8d97-2b284cacf769/1280x720/video.m3u8,720p,surrit.com
https://missav123.com/dm78/en/mide-113-uncensored-leak,,https://surrit.com/6ffc9749-30e2-4d0f-8d97-2b284cacf769/842x480/video.m3u8,480p,surrit.com
https://missav123.com/dm78/en/mide-113-uncensored-leak,,https://surrit.com/6ffc9749-30e2-4d0f-8d97-2b284cacf769/playlist.m3u8,playlist,surrit.com
https://missav123.com/dm79/en/ssis-532-uncensored-leak,,https://surrit.com/3b55cdf2-43e7-45f3-9f2a-56ca9768ba8b/1280x720/video.m3u8,720p,surrit.com
https://missav123.com/dm79/en/ssis-532-uncensored-leak,,https://surrit.com/3b55cdf2-43e7-45f3-9f2a-56ca9768ba8b/842x480/video.m3u8,480p,surrit.com
https://missav123.com/dm79/en/ssis-532-uncensored-leak,,https://surrit.com/3b55cdf2-43e7-45f3-9f2a-56ca9768ba8b/playlist.m3u8,playlist,surrit.com
https://missav123.com/dm80/en/ipx-940-uncensored-leak,,https://surrit.com/f35fc5c6-6a97-4392-bb18-8f37b98b804f/1280x720/video.m3u8,720p,surrit.com
https://missav123.com/dm80/en/ipx-940-uncensored-leak,,https://surrit.com/f35fc5c6-6a97-4392-bb18-8f37b98b804f/842x480/video.m3u8,480p,surrit.com
https://missav123.com/dm80/en/ipx-940-uncensored-leak,,https://surrit.com/f35fc5c6-6a97-4392-bb18-8f37b98b804f/playlist.m3u8,playlist,surrit.com
https://missav123.com/dm81/en/ipx-883-uncensored-leak,,https://surrit.com/26758194-9358-4e41-8b9f-5bf3a4b65424/1280x720/video.m3u8,720p,surrit.com
https://missav123.com/dm81/en/ipx-883-uncensored-leak,,https://surrit.com/26758194-9358-4e41-8b9f-5bf3a4b65424/842x480/video.m3u8,480p,surrit.com
https://missav123.com/dm81/en/ipx-883-uncensored-leak,,https://surrit.com/26758194-9358-4e41-8b9f-5bf3a4b65424/playlist.m3u8,playlist,surrit.com
https://missav123.com/dm81/en/miaa-692-uncensored-leak,,https://surrit.com/79ab0abc-bce8-40ce-9dc8-ccecc91ec75d/1280x720/video.m3u8,720p,surrit.com
https://missav123.com/dm81/en/miaa-692-uncensored-leak,,https://surrit.com/79ab0abc-bce8-40ce-9dc8-ccecc91ec75d/842x480/video.m3u8,480p,surrit.com
https://missav123.com/dm81/en/miaa-692-uncensored-leak,,https://surrit.com/79ab0abc-bce8-40ce-9dc8-ccecc91ec75d/playlist.m3u8,playlist,surrit.com
https://missav123.com/dm9/en/hez-756-uncensored-leak,,https://surrit.com/f2b30bf8-a855-40cf-b243-31ee67be28bb/1080p/video.m3u8,1080p,surrit.com
https://missav123.com/dm9/en/hez-756-uncensored-leak,,https://surrit.com/f2b30bf8-a855-40cf-b243-31ee67be28bb/720p/video.m3u8,720p,surrit.com
https://missav123.com/dm9/en/hez-756-uncensored-leak,,https://surrit.com/f2b30bf8-a855-40cf-b243-31ee67be28bb/playlist.m3u8,playlist,surrit.com
https://missav123.com/en/abf-187-uncensored-leak,,https://surrit.com/b0748bca-40f7-4433-8d59-aea5a94fa20e/1080p/video.m3u8,1080p,surrit.com
https://missav123.com/en/abf-187-uncensored-leak,,https://surrit.com/b0748bca-40f7-4433-8d59-aea5a94fa20e/720p/video.m3u8,720p,surrit.com
https://missav123.com/en/abf-187-uncensored-leak,,https://surrit.com/b0748bca-40f7-4433-8d59-aea5a94fa20e/playlist.m3u8,playlist,surrit.com
https://missav123.com/en/abf-226-english-subtitle,,https://surrit.com/fff1c2af-e685-4bca-8aa4-9345e88c7bf2/1080p/video.m3u8,1080p,surrit.com
https://missav123.com/en/abf-226-english-subtitle,,https://surrit.com/fff1c2af-e685-4bca-8aa4-9345e88c7bf2/720p/video.m3u8,720p,surrit.com
https://missav123.com/en/abf-226-english-subtitle,,https://surrit.com/fff1c2af-e685-4bca-8aa4-9345e88c7bf2/playlist.m3u8,playlist,surrit.com
https://missav123.com/en/adn-655-english-subtitle,,https://surrit.com/4373b90e-012a-40bc-a4f4-014fd160155e/1080p/video.m3u8,1080p,surrit.com
https://missav123.com/en/adn-655-english-subtitle,,https://surrit.com/4373b90e-012a-40bc-a4f4-014fd160155e/720p/video.m3u8,720p,surrit.com
https://missav123.com/en/adn-655-english-subtitle,,https://surrit.com/4373b90e-012a-40bc-a4f4-014fd160155e/playlist.m3u8,playlist,surrit.com
https://missav123.com/en/adn-663-uncensored-leak,,https://surrit.com/e3e0878f-3607-42ee-95e1-1eda571d961a/1080p/video.m3u8,1080p,surrit.com
https://missav123.com/en/adn-663-uncensored-leak,,https://surrit.com/e3e0878f-3607-42ee-95e1-1eda571d961a/720p/video.m3u8,720p,surrit.com
https://missav123.com/en/adn-663-uncensored-leak,,https://surrit.com/e3e0878f-3607-42ee-95e1-1eda571d961a/playlist.m3u8,playlist,surrit.com
https://missav123.com/en/adn-664-english-subtitle,,https://surrit.com/ded092d8-a6ba-463d-9851-e2b9e38e711d/1080p/video.m3u8,1080p,surrit.com
https://missav123.com/en/adn-664-english-subtitle,,https://surrit.com/ded092d8-a6ba-463d-9851-e2b9e38e711d/720p/video.m3u8,720p,surrit.com
https://missav123.com/en/adn-664-english-subtitle,,https://surrit.com/ded092d8-a6ba-463d-9851-e2b9e38e711d/playlist.m3u8,playlist,surrit.com
https://missav123.com/en/cawb-041-uncensored-leak,,https://surrit.com/5203b3c5-a6a3-428f-917d-c3a2940ed1a2/1080p/video.m3u8,1080p,surrit.com
https://missav123.com/en/cawb-041-uncensored-leak,,https://surrit.com/5203b3c5-a6a3-428f-917d-c3a2940ed1a2/720p/video.m3u8,720p,surrit.com
https://missav123.com/en/cawb-041-uncensored-leak,,https://surrit.com/5203b3c5-a6a3-428f-917d-c3a2940ed1a2/playlist.m3u8,playlist,surrit.com
https://missav123.com/en/dass-566-uncensored-leak,,https://surrit.com/c9582652-3bea-4ec6-b931-e668ba3bff7a/1080p/video.m3u8,1080p,surrit.com
https://missav123.com/en/dass-566-uncensored-leak,,https://surrit.com/c9582652-3bea-4ec6-b931-e668ba3bff7a/720p/video.m3u8,720p,surrit.com
https://missav123.com/en/dass-566-uncensored-leak,,https://surrit.com/c9582652-3bea-4ec6-b931-e668ba3bff7a/playlist.m3u8,playlist,surrit.com
https://missav123.com/en/dass-572-uncensored-leak,,https://surrit.com/cc43aeef-5a2e-4c77-bb17-998dea81ef9c/1080p/video.m3u8,1080p,surrit.com
https://missav123.com/en/dass-572-uncensored-leak,,https://surrit.com/cc43aeef-5a2e-4c77-bb17-998dea81ef9c/720p/video.m3u8,720p,surrit.com
https://missav123.com/en/dass-572-uncensored-leak,,https://surrit.com/cc43aeef-5a2e-4c77-bb17-998dea81ef9c/playlist.m3u8,playlist,surrit.com
https://missav123.com/en/dass-601-uncensored-leak,,https://surrit.com/d26c727e-4b85-44a1-b9c8-78e39246613c/1080p/video.m3u8,1080p,surrit.com
https://missav123.com/en/dass-601-uncensored-leak,,https://surrit.com/d26c727e-4b85-44a1-b9c8-78e39246613c/720p/video.m3u8,720p,surrit.com
https://missav123.com/en/dass-601-uncensored-leak,,https://surrit.com/d26c727e-4b85-44a1-b9c8-78e39246613c/playlist.m3u8,playlist,surrit.com
https://missav123.com/en/dldss-302-uncensored-leak,,https://surrit.com/63ec4656-d2d3-49e0-aa39-04eb794e2ed3/1080p/video.m3u8,1080p,surrit.com
https://missav123.com/en/dldss-302-uncensored-leak,,https://surrit.com/63ec4656-d2d3-49e0-aa39-04eb794e2ed3/720p/video.m3u8,720p,surrit.com
https://missav123.com/en/dldss-302-uncensored-leak,,https://surrit.com/63ec4656-d2d3-49e0-aa39-04eb794e2ed3/playlist.m3u8,playlist,surrit.com
https://missav123.com/en/dldss-343-uncensored-leak,,https://surrit.com/3303b244-68e0-4f3e-aafe-3a466e858047/1080p/video.m3u8,1080p,surrit.com
https://missav123.com/en/dldss-343-uncensored-leak,,https://surrit.com/3303b244-68e0-4f3e-aafe-3a466e858047/720p/video.m3u8,720p,surrit.com
https://missav123.com/en/dldss-343-uncensored-leak,,https://surrit.com/3303b244-68e0-4f3e-aafe-3a466e858047/playlist.m3u8,playlist,surrit.com
https://missav123.com/en/dldss-544-uncensored-leak,,https://surrit.com/e88d6ab0-3d87-4b94-9493-c58fff72e880/1080p/video.m3u8,1080p,surrit.com
https://missav123.com/en/dldss-544-uncensored-leak,,https://surrit.com/e88d6ab0-3d87-4b94-9493-c58fff72e880/720p/video.m3u8,720p,surrit.com
https://missav123.com/en/dldss-544-uncensored-leak,,https://surrit.com/e88d6ab0-3d87-4b94-9493-c58fff72e880/playlist.m3u8,playlist,surrit.com
https://missav123.com/en/doks-687,doks-687,https://surrit.com/910e16ad-8ba4-433f-a462-e1d13b98a9c2/1080p/video.m3u8,1080p,surrit.com
https://missav123.com/en/doks-687,doks-687,https://surrit.com/910e16ad-8ba4-433f-a462-e1d13b98a9c2/720p/video.m3u8,720p,surrit.com
https://missav123.com/en/doks-687,doks-687,https://surrit.com/910e16ad-8ba4-433f-a462-e1d13b98a9c2/playlist.m3u8,playlist,surrit.com
https://missav123.com/en/dokvd-003,dokvd-003,https://surrit.com/d99634c2-284d-44d6-9314-7c08077a10a8/720p/video.m3u8,720p,surrit.com
https://missav123.com/en/dokvd-003,dokvd-003,https://surrit.com/d99634c2-284d-44d6-9314-7c08077a10a8/playlist.m3u8,playlist,surrit.com
https://missav123.com/en/dvaj-509-uncensored-leak,,https://surrit.com/d9eb3e1b-5fb0-4c33-bf03-795d587a804f/1080p/video.m3u8,1080p,surrit.com
https://missav123.com/en/dvaj-509-uncensored-leak,,https://surrit.com/d9eb3e1b-5fb0-4c33-bf03-795d587a804f/720p/video.m3u8,720p,surrit.com
https://missav123.com/en/dvaj-509-uncensored-leak,,https://surrit.com/d9eb3e1b-5fb0-4c33-bf03-795d587a804f/playlist.m3u8,playlist,surrit.com
https://missav123.com/en/erofv-388,erofv-388,https://surrit.com/02adcc7d-1f11-4e15-804e-4ceff6803084/1080p/video.m3u8,1080p,surrit.com
https://missav123.com/en/erofv-388,erofv-388,https://surrit.com/02adcc7d-1f11-4e15-804e-4ceff6803084/720p/video.m3u8,720p,surrit.com
https://missav123.com/en/erofv-388,erofv-388,https://surrit.com/02adcc7d-1f11-4e15-804e-4ceff6803084/playlist.m3u8,playlist,surrit.com
https://missav123.com/en/fc2-ppv-4587943,,https://surrit.com/d8dfdb5c-fa36-4370-9032-65e1cf5a2b87/720p/video.m3u8,720p,surrit.com
https://missav123.com/en/fc2-ppv-4587943,,https://surrit.com/d8dfdb5c-fa36-4370-9032-65e1cf5a2b87/playlist.m3u8,playlist,surrit.com
https://missav123.com/en/fc2-ppv-4968470,,https://surrit.com/4d196f4f-d201-49d1-86cf-432dbbfe3233/720p/video.m3u8,720p,surrit.com
https://missav123.com/en/fc2-ppv-4968470,,https://surrit.com/4d196f4f-d201-49d1-86cf-432dbbfe3233/playlist.m3u8,playlist,surrit.com
https://missav123.com/en/fc2-ppv-4968610,,https://surrit.com/a263ab9c-f104-4ed1-9829-e3c2702bf127/720p/video.m3u8,720p,surrit.com
https://missav123.com/en/fc2-ppv-4968610,,https://surrit.com/a263ab9c-f104-4ed1-9829-e3c2702bf127/playlist.m3u8,playlist,surrit.com
https://missav123.com/en/fc2-ppv-4968748,,https://surrit.com/9369201e-0b04-4bce-bce3-0fc4094471ed/720p/video.m3u8,720p,surrit.com
https://missav123.com/en/fc2-ppv-4968748,,https://surrit.com/9369201e-0b04-4bce-bce3-0fc4094471ed/playlist.m3u8,playlist,surrit.com
https://missav123.com/en/fc2-ppv-4968831,,https://surrit.com/44446517-1c8d-4fce-b64a-48b337f42530/720p/video.m3u8,720p,surrit.com
https://missav123.com/en/fc2-ppv-4968831,,https://surrit.com/44446517-1c8d-4fce-b64a-48b337f42530/playlist.m3u8,playlist,surrit.com
https://missav123.com/en/fc2-ppv-4968908,,https://surrit.com/740b525a-25b9-4192-9074-06bab2c2b5fe/720p/video.m3u8,720p,surrit.com
https://missav123.com/en/fc2-ppv-4968908,,https://surrit.com/740b525a-25b9-4192-9074-06bab2c2b5fe/playlist.m3u8,playlist,surrit.com
https://missav123.com/en/fc2-ppv-4968930,,https://surrit.com/4aa4bf5c-b463-4691-bb03-16064fa4c378/720p/video.m3u8,720p,surrit.com
https://missav123.com/en/fc2-ppv-4968930,,https://surrit.com/4aa4bf5c-b463-4691-bb03-16064fa4c378/playlist.m3u8,playlist,surrit.com
https://missav123.com/en/fc2-ppv-4968961,,https://surrit.com/f14c66be-71a8-4f55-8a9c-4e02b18de03c/720p/video.m3u8,720p,surrit.com
https://missav123.com/en/fc2-ppv-4968961,,https://surrit.com/f14c66be-71a8-4f55-8a9c-4e02b18de03c/playlist.m3u8,playlist,surrit.com
https://missav123.com/en/fc2-ppv-4969038,,https://surrit.com/469a521c-9557-41d1-99c4-abc619fc7bfe/1080p/video.m3u8,1080p,surrit.com
https://missav123.com/en/fc2-ppv-4969038,,https://surrit.com/469a521c-9557-41d1-99c4-abc619fc7bfe/720p/video.m3u8,720p,surrit.com
https://missav123.com/en/fc2-ppv-4969038,,https://surrit.com/469a521c-9557-41d1-99c4-abc619fc7bfe/playlist.m3u8,playlist,surrit.com
https://missav123.com/en/fc2-ppv-4969139,,https://surrit.com/c0890421-f6d1-4964-8ee5-48849eb6e404/720p/video.m3u8,720p,surrit.com
https://missav123.com/en/fc2-ppv-4969139,,https://surrit.com/c0890421-f6d1-4964-8ee5-48849eb6e404/playlist.m3u8,playlist,surrit.com
https://missav123.com/en/fc2-ppv-4969233,,https://surrit.com/712811a5-d574-4987-8404-4f81366bdcc2/720p/video.m3u8,720p,surrit.com
https://missav123.com/en/fc2-ppv-4969233,,https://surrit.com/712811a5-d574-4987-8404-4f81366bdcc2/playlist.m3u8,playlist,surrit.com
https://missav123.com/en/fc2-ppv-4969287,,https://surrit.com/075554c4-1873-4e69-864b-b50e9225de09/1080p/video.m3u8,1080p,surrit.com
https://missav123.com/en/fc2-ppv-4969287,,https://surrit.com/075554c4-1873-4e69-864b-b50e9225de09/720p/video.m3u8,720p,surrit.com
https://missav123.com/en/fc2-ppv-4969287,,https://surrit.com/075554c4-1873-4e69-864b-b50e9225de09/playlist.m3u8,playlist,surrit.com
https://missav123.com/en/fc2-ppv-4969402,,https://surrit.com/fab8e7aa-e29a-476b-8625-af06001e521c/480p/video.m3u8,480p,surrit.com
https://missav123.com/en/fc2-ppv-4969402,,https://surrit.com/fab8e7aa-e29a-476b-8625-af06001e521c/playlist.m3u8,playlist,surrit.com
https://missav123.com/en/fc2-ppv-4969417,,https://surrit.com/fa20be2e-66e9-4c60-913e-1776f2b5dc46/720p/video.m3u8,720p,surrit.com
https://missav123.com/en/fc2-ppv-4969417,,https://surrit.com/fa20be2e-66e9-4c60-913e-1776f2b5dc46/playlist.m3u8,playlist,surrit.com
https://missav123.com/en/fc2-ppv-4969688,,https://surrit.com/35c1e244-8c44-4f2e-862a-1b0d59f563cd/1080p/video.m3u8,1080p,surrit.com
https://missav123.com/en/fc2-ppv-4969688,,https://surrit.com/35c1e244-8c44-4f2e-862a-1b0d59f563cd/720p/video.m3u8,720p,surrit.com
https://missav123.com/en/fc2-ppv-4969688,,https://surrit.com/35c1e244-8c44-4f2e-862a-1b0d59f563cd/playlist.m3u8,playlist,surrit.com
https://missav123.com/en/fsdss-687-uncensored-leak,,https://surrit.com/ed2f60af-e8b6-4761-bba0-5a0e5863e2a3/1280x720/video.m3u8,720p,surrit.com
https://missav123.com/en/fsdss-687-uncensored-leak,,https://surrit.com/ed2f60af-e8b6-4761-bba0-5a0e5863e2a3/842x480/video.m3u8,480p,surrit.com
https://missav123.com/en/fsdss-687-uncensored-leak,,https://surrit.com/ed2f60af-e8b6-4761-bba0-5a0e5863e2a3/playlist.m3u8,playlist,surrit.com
https://missav123.com/en/fsdss-913-uncensored-leak,,https://surrit.com/0313dd4f-b969-45a2-8762-0c9c1b67dd7a/1080p/video.m3u8,1080p,surrit.com
https://missav123.com/en/fsdss-913-uncensored-leak,,https://surrit.com/0313dd4f-b969-45a2-8762-0c9c1b67dd7a/720p/video.m3u8,720p,surrit.com
https://missav123.com/en/fsdss-913-uncensored-leak,,https://surrit.com/0313dd4f-b969-45a2-8762-0c9c1b67dd7a/playlist.m3u8,playlist,surrit.com
https://missav123.com/en/fsdss-918-uncensored-leak,,https://surrit.com/d549be51-d76d-4eb6-b536-ff35b76758f2/1080p/video.m3u8,1080p,surrit.com
https://missav123.com/en/fsdss-918-uncensored-leak,,https://surrit.com/d549be51-d76d-4eb6-b536-ff35b76758f2/720p/video.m3u8,720p,surrit.com
https://missav123.com/en/fsdss-918-uncensored-leak,,https://surrit.com/d549be51-d76d-4eb6-b536-ff35b76758f2/playlist.m3u8,playlist,surrit.com
https://missav123.com/en/gana-3437-uncensored-leak,,https://surrit.com/3e1ca7ae-4dd6-44d8-8b20-711df677c94a/1080p/video.m3u8,1080p,surrit.com
https://missav123.com/en/gana-3437-uncensored-leak,,https://surrit.com/3e1ca7ae-4dd6-44d8-8b20-711df677c94a/720p/video.m3u8,720p,surrit.com
https://missav123.com/en/gana-3437-uncensored-leak,,https://surrit.com/3e1ca7ae-4dd6-44d8-8b20-711df677c94a/playlist.m3u8,playlist,surrit.com
https://missav123.com/en/gana-3459,gana-3459,https://surrit.com/bbe5b76e-ab05-4a6f-bad7-34672c443920/720p/video.m3u8,720p,surrit.com
https://missav123.com/en/gana-3459,gana-3459,https://surrit.com/bbe5b76e-ab05-4a6f-bad7-34672c443920/playlist.m3u8,playlist,surrit.com
https://missav123.com/en/gas-546,gas-546,https://surrit.com/4dd51288-0da0-42d2-8064-23c23fdcb131/720p/video.m3u8,720p,surrit.com
https://missav123.com/en/gas-546,gas-546,https://surrit.com/4dd51288-0da0-42d2-8064-23c23fdcb131/playlist.m3u8,playlist,surrit.com
https://missav123.com/en/goju-322,goju-322,https://surrit.com/229de474-85f8-4bd1-be02-86fb370ebeff/720p/video.m3u8,720p,surrit.com
https://missav123.com/en/goju-322,goju-322,https://surrit.com/229de474-85f8-4bd1-be02-86fb370ebeff/playlist.m3u8,playlist,surrit.com
https://missav123.com/en/gvh-873-uncensored-leak,,https://surrit.com/b4b7892d-4238-4de7-b9b3-77edd129fe0a/1080p/video.m3u8,1080p,surrit.com
https://missav123.com/en/gvh-873-uncensored-leak,,https://surrit.com/b4b7892d-4238-4de7-b9b3-77edd129fe0a/720p/video.m3u8,720p,surrit.com
https://missav123.com/en/gvh-873-uncensored-leak,,https://surrit.com/b4b7892d-4238-4de7-b9b3-77edd129fe0a/playlist.m3u8,playlist,surrit.com
https://missav123.com/en/gvh-875-uncensored-leak,,https://surrit.com/241252b8-2a32-4d74-a268-95b81e8ae0bf/1080p/video.m3u8,1080p,surrit.com
https://missav123.com/en/gvh-875-uncensored-leak,,https://surrit.com/241252b8-2a32-4d74-a268-95b81e8ae0bf/720p/video.m3u8,720p,surrit.com
https://missav123.com/en/gvh-875-uncensored-leak,,https://surrit.com/241252b8-2a32-4d74-a268-95b81e8ae0bf/playlist.m3u8,playlist,surrit.com
https://missav123.com/en/hjmo-676-uncensored-leak,,https://surrit.com/95c3e188-f3ab-438f-93e7-287646a6ad1f/1080p/video.m3u8,1080p,surrit.com
https://missav123.com/en/hjmo-676-uncensored-leak,,https://surrit.com/95c3e188-f3ab-438f-93e7-287646a6ad1f/720p/video.m3u8,720p,surrit.com
https://missav123.com/en/hjmo-676-uncensored-leak,,https://surrit.com/95c3e188-f3ab-438f-93e7-287646a6ad1f/playlist.m3u8,playlist,surrit.com
https://missav123.com/en/hmn-697-english-subtitle,,https://surrit.com/846e36c9-f258-433e-b09d-c938a178ea6d/1080p/video.m3u8,1080p,surrit.com
https://missav123.com/en/hmn-697-english-subtitle,,https://surrit.com/846e36c9-f258-433e-b09d-c938a178ea6d/720p/video.m3u8,720p,surrit.com
https://missav123.com/en/hmn-697-english-subtitle,,https://surrit.com/846e36c9-f258-433e-b09d-c938a178ea6d/playlist.m3u8,playlist,surrit.com
https://missav123.com/en/hsoda-061-uncensored-leak,,https://surrit.com/4b3a5644-973b-4353-815d-10b702057919/1080p/video.m3u8,1080p,surrit.com
https://missav123.com/en/hsoda-061-uncensored-leak,,https://surrit.com/4b3a5644-973b-4353-815d-10b702057919/720p/video.m3u8,720p,surrit.com
https://missav123.com/en/hsoda-061-uncensored-leak,,https://surrit.com/4b3a5644-973b-4353-815d-10b702057919/playlist.m3u8,playlist,surrit.com
https://missav123.com/en/htms-119-english-subtitle,,https://surrit.com/733db06a-fb7d-4e66-b3f4-b6435f1f0f79/1080p/video.m3u8,1080p,surrit.com
https://missav123.com/en/htms-119-english-subtitle,,https://surrit.com/733db06a-fb7d-4e66-b3f4-b6435f1f0f79/720p/video.m3u8,720p,surrit.com
https://missav123.com/en/htms-119-english-subtitle,,https://surrit.com/733db06a-fb7d-4e66-b3f4-b6435f1f0f79/playlist.m3u8,playlist,surrit.com
https://missav123.com/en/huntc-278-uncensored-leak,,https://surrit.com/8fa6035f-4a57-4b42-9fd0-ac4c2adcec57/1080p/video.m3u8,1080p,surrit.com
https://missav123.com/en/huntc-278-uncensored-leak,,https://surrit.com/8fa6035f-4a57-4b42-9fd0-ac4c2adcec57/720p/video.m3u8,720p,surrit.com
https://missav123.com/en/huntc-278-uncensored-leak,,https://surrit.com/8fa6035f-4a57-4b42-9fd0-ac4c2adcec57/playlist.m3u8,playlist,surrit.com
https://missav123.com/en/huntc-425-uncensored-leak,,https://surrit.com/d8229a46-8ab9-49bd-95a8-afb2a0a562a4/1080p/video.m3u8,1080p,surrit.com
https://missav123.com/en/huntc-425-uncensored-leak,,https://surrit.com/d8229a46-8ab9-49bd-95a8-afb2a0a562a4/720p/video.m3u8,720p,surrit.com
https://missav123.com/en/huntc-425-uncensored-leak,,https://surrit.com/d8229a46-8ab9-49bd-95a8-afb2a0a562a4/playlist.m3u8,playlist,surrit.com
https://missav123.com/en/huntc-518-uncensored-leak,,https://surrit.com/8af6a64b-a602-4d6a-80b8-f12acd75ec0e/1080p/video.m3u8,1080p,surrit.com
https://missav123.com/en/huntc-518-uncensored-leak,,https://surrit.com/8af6a64b-a602-4d6a-80b8-f12acd75ec0e/720p/video.m3u8,720p,surrit.com
https://missav123.com/en/huntc-518-uncensored-leak,,https://surrit.com/8af6a64b-a602-4d6a-80b8-f12acd75ec0e/playlist.m3u8,playlist,surrit.com
https://missav123.com/en/hzgd-299-uncensored-leak,,https://surrit.com/bed0c5c6-1cf9-40a9-b823-b54eb8de90f8/1080p/video.m3u8,1080p,surrit.com
https://missav123.com/en/hzgd-299-uncensored-leak,,https://surrit.com/bed0c5c6-1cf9-40a9-b823-b54eb8de90f8/720p/video.m3u8,720p,surrit.com
https://missav123.com/en/hzgd-299-uncensored-leak,,https://surrit.com/bed0c5c6-1cf9-40a9-b823-b54eb8de90f8/playlist.m3u8,playlist,surrit.com
https://missav123.com/en/ipzz-497-uncensored-leak,,https://surrit.com/8a45920b-03b1-451a-a0eb-821810a57737/1080p/video.m3u8,1080p,surrit.com
https://missav123.com/en/ipzz-497-uncensored-leak,,https://surrit.com/8a45920b-03b1-451a-a0eb-821810a57737/720p/video.m3u8,720p,surrit.com
https://missav123.com/en/ipzz-497-uncensored-leak,,https://surrit.com/8a45920b-03b1-451a-a0eb-821810a57737/playlist.m3u8,playlist,surrit.com
https://missav123.com/en/ipzz-502-uncensored-leak,,https://surrit.com/88f3037d-73e1-4334-99cf-b361d28775c6/1080p/video.m3u8,1080p,surrit.com
https://missav123.com/en/ipzz-502-uncensored-leak,,https://surrit.com/88f3037d-73e1-4334-99cf-b361d28775c6/720p/video.m3u8,720p,surrit.com
https://missav123.com/en/ipzz-502-uncensored-leak,,https://surrit.com/88f3037d-73e1-4334-99cf-b361d28775c6/playlist.m3u8,playlist,surrit.com
https://missav123.com/en/ipzz-505-uncensored-leak,,https://surrit.com/6483b852-525b-4031-ac91-02637c063770/1080p/video.m3u8,1080p,surrit.com
https://missav123.com/en/ipzz-505-uncensored-leak,,https://surrit.com/6483b852-525b-4031-ac91-02637c063770/720p/video.m3u8,720p,surrit.com
https://missav123.com/en/ipzz-505-uncensored-leak,,https://surrit.com/6483b852-525b-4031-ac91-02637c063770/playlist.m3u8,playlist,surrit.com
https://missav123.com/en/ipzz-507-uncensored-leak,,https://surrit.com/cb8d49c1-0441-4965-8c0c-f15e87a1c07c/1080p/video.m3u8,1080p,surrit.com
https://missav123.com/en/ipzz-507-uncensored-leak,,https://surrit.com/cb8d49c1-0441-4965-8c0c-f15e87a1c07c/720p/video.m3u8,720p,surrit.com
https://missav123.com/en/ipzz-507-uncensored-leak,,https://surrit.com/cb8d49c1-0441-4965-8c0c-f15e87a1c07c/playlist.m3u8,playlist,surrit.com
https://missav123.com/en/ipzz-519-uncensored-leak,,https://surrit.com/1805bdaf-a6c3-4621-9967-8ab283087221/1080p/video.m3u8,1080p,surrit.com
https://missav123.com/en/ipzz-519-uncensored-leak,,https://surrit.com/1805bdaf-a6c3-4621-9967-8ab283087221/720p/video.m3u8,720p,surrit.com
https://missav123.com/en/ipzz-519-uncensored-leak,,https://surrit.com/1805bdaf-a6c3-4621-9967-8ab283087221/playlist.m3u8,playlist,surrit.com
https://missav123.com/en/ipzz-521-uncensored-leak,,https://surrit.com/56eaff1d-78ce-4a27-a1f3-37ef66f069ea/1080p/video.m3u8,1080p,surrit.com
https://missav123.com/en/ipzz-521-uncensored-leak,,https://surrit.com/56eaff1d-78ce-4a27-a1f3-37ef66f069ea/720p/video.m3u8,720p,surrit.com
https://missav123.com/en/ipzz-521-uncensored-leak,,https://surrit.com/56eaff1d-78ce-4a27-a1f3-37ef66f069ea/playlist.m3u8,playlist,surrit.com
https://missav123.com/en/ipzz-564-uncensored-leak,,https://surrit.com/596cffd8-065c-4e2a-a0e2-20affea1f39c/1080p/video.m3u8,1080p,surrit.com
https://missav123.com/en/ipzz-564-uncensored-leak,,https://surrit.com/596cffd8-065c-4e2a-a0e2-20affea1f39c/720p/video.m3u8,720p,surrit.com
https://missav123.com/en/ipzz-564-uncensored-leak,,https://surrit.com/596cffd8-065c-4e2a-a0e2-20affea1f39c/playlist.m3u8,playlist,surrit.com
https://missav123.com/en/ipzz-934-uncensored-leak,,https://surrit.com/c23475f6-f73c-44d0-9509-59bdcbe19537/1080p/video.m3u8,1080p,surrit.com
https://missav123.com/en/ipzz-934-uncensored-leak,,https://surrit.com/c23475f6-f73c-44d0-9509-59bdcbe19537/720p/video.m3u8,720p,surrit.com
https://missav123.com/en/ipzz-934-uncensored-leak,,https://surrit.com/c23475f6-f73c-44d0-9509-59bdcbe19537/playlist.m3u8,playlist,surrit.com
https://missav123.com/en/ipzz-938-uncensored-leak,,https://surrit.com/037943e9-a344-433e-96a1-9e17ebc6cf79/1080p/video.m3u8,1080p,surrit.com
https://missav123.com/en/ipzz-938-uncensored-leak,,https://surrit.com/037943e9-a344-433e-96a1-9e17ebc6cf79/720p/video.m3u8,720p,surrit.com
https://missav123.com/en/ipzz-938-uncensored-leak,,https://surrit.com/037943e9-a344-433e-96a1-9e17ebc6cf79/playlist.m3u8,playlist,surrit.com
https://missav123.com/en/ipzz-939-uncensored-leak,,https://surrit.com/8701c69a-ec5d-4201-84dd-9322d11a444d/1080p/video.m3u8,1080p,surrit.com
https://missav123.com/en/ipzz-939-uncensored-leak,,https://surrit.com/8701c69a-ec5d-4201-84dd-9322d11a444d/720p/video.m3u8,720p,surrit.com
https://missav123.com/en/ipzz-939-uncensored-leak,,https://surrit.com/8701c69a-ec5d-4201-84dd-9322d11a444d/playlist.m3u8,playlist,surrit.com
https://missav123.com/en/ipzz-947-uncensored-leak,,https://surrit.com/d6bb1e00-0ff2-41ca-b79c-c4bae2d44cfc/1080p/video.m3u8,1080p,surrit.com
https://missav123.com/en/ipzz-947-uncensored-leak,,https://surrit.com/d6bb1e00-0ff2-41ca-b79c-c4bae2d44cfc/720p/video.m3u8,720p,surrit.com
https://missav123.com/en/ipzz-947-uncensored-leak,,https://surrit.com/d6bb1e00-0ff2-41ca-b79c-c4bae2d44cfc/playlist.m3u8,playlist,surrit.com
https://missav123.com/en/ipzz-952-uncensored-leak,,https://surrit.com/a3c4ca41-69d3-4e7c-b1f5-fc4a0c564d80/1080p/video.m3u8,1080p,surrit.com
https://missav123.com/en/ipzz-952-uncensored-leak,,https://surrit.com/a3c4ca41-69d3-4e7c-b1f5-fc4a0c564d80/720p/video.m3u8,720p,surrit.com
https://missav123.com/en/ipzz-952-uncensored-leak,,https://surrit.com/a3c4ca41-69d3-4e7c-b1f5-fc4a0c564d80/playlist.m3u8,playlist,surrit.com
https://missav123.com/en/ipzz-957-uncensored-leak,,https://surrit.com/d6cf24c3-6e05-4f2f-8a4c-e036eeac5dfa/1080p/video.m3u8,1080p,surrit.com
https://missav123.com/en/ipzz-957-uncensored-leak,,https://surrit.com/d6cf24c3-6e05-4f2f-8a4c-e036eeac5dfa/720p/video.m3u8,720p,surrit.com
https://missav123.com/en/ipzz-957-uncensored-leak,,https://surrit.com/d6cf24c3-6e05-4f2f-8a4c-e036eeac5dfa/playlist.m3u8,playlist,surrit.com
https://missav123.com/en/jur-033-uncensored-leak,,https://surrit.com/d7143a6a-72e9-49d0-aa16-f605c65d554d/1080p/video.m3u8,1080p,surrit.com
https://missav123.com/en/jur-033-uncensored-leak,,https://surrit.com/d7143a6a-72e9-49d0-aa16-f605c65d554d/720p/video.m3u8,720p,surrit.com
https://missav123.com/en/jur-033-uncensored-leak,,https://surrit.com/d7143a6a-72e9-49d0-aa16-f605c65d554d/playlist.m3u8,playlist,surrit.com
https://missav123.com/en/jur-161-uncensored-leak,,https://surrit.com/112eb181-2336-4f61-9613-85651f328211/1080p/video.m3u8,1080p,surrit.com
https://missav123.com/en/jur-161-uncensored-leak,,https://surrit.com/112eb181-2336-4f61-9613-85651f328211/720p/video.m3u8,720p,surrit.com
https://missav123.com/en/jur-161-uncensored-leak,,https://surrit.com/112eb181-2336-4f61-9613-85651f328211/playlist.m3u8,playlist,surrit.com
https://missav123.com/en/jur-186-uncensored-leak,,https://surrit.com/5072e85a-8a72-454f-80f0-cb2f7b813557/720p/video.m3u8,720p,surrit.com
https://missav123.com/en/jur-186-uncensored-leak,,https://surrit.com/5072e85a-8a72-454f-80f0-cb2f7b813557/playlist.m3u8,playlist,surrit.com
https://missav123.com/en/jur-194-uncensored-leak,,https://surrit.com/050b929c-33f5-4359-8f5f-a3b1b2ab63a4/1080p/video.m3u8,1080p,surrit.com
https://missav123.com/en/jur-194-uncensored-leak,,https://surrit.com/050b929c-33f5-4359-8f5f-a3b1b2ab63a4/720p/video.m3u8,720p,surrit.com
https://missav123.com/en/jur-194-uncensored-leak,,https://surrit.com/050b929c-33f5-4359-8f5f-a3b1b2ab63a4/playlist.m3u8,playlist,surrit.com
https://missav123.com/en/jur-237-uncensored-leak,,https://surrit.com/15c52183-b549-473c-85c7-dd834c2d3f5c/1080p/video.m3u8,1080p,surrit.com
https://missav123.com/en/jur-237-uncensored-leak,,https://surrit.com/15c52183-b549-473c-85c7-dd834c2d3f5c/720p/video.m3u8,720p,surrit.com
https://missav123.com/en/jur-237-uncensored-leak,,https://surrit.com/15c52183-b549-473c-85c7-dd834c2d3f5c/playlist.m3u8,playlist,surrit.com
https://missav123.com/en/jur-240-uncensored-leak,,https://surrit.com/dbbd501c-59ec-4dfe-a4ae-9156102c0965/1080p/video.m3u8,1080p,surrit.com
https://missav123.com/en/jur-240-uncensored-leak,,https://surrit.com/dbbd501c-59ec-4dfe-a4ae-9156102c0965/720p/video.m3u8,720p,surrit.com
https://missav123.com/en/jur-240-uncensored-leak,,https://surrit.com/dbbd501c-59ec-4dfe-a4ae-9156102c0965/playlist.m3u8,playlist,surrit.com
https://missav123.com/en/jur-244-uncensored-leak,,https://surrit.com/b23cfb71-a34c-4dfb-846f-acf8e4b9a470/1080p/video.m3u8,1080p,surrit.com
https://missav123.com/en/jur-244-uncensored-leak,,https://surrit.com/b23cfb71-a34c-4dfb-846f-acf8e4b9a470/720p/video.m3u8,720p,surrit.com
https://missav123.com/en/jur-244-uncensored-leak,,https://surrit.com/b23cfb71-a34c-4dfb-846f-acf8e4b9a470/playlist.m3u8,playlist,surrit.com
https://missav123.com/en/jur-263-uncensored-leak,,https://surrit.com/d483b855-4121-4a52-b684-d9ef4778653d/1080p/video.m3u8,1080p,surrit.com
https://missav123.com/en/jur-263-uncensored-leak,,https://surrit.com/d483b855-4121-4a52-b684-d9ef4778653d/720p/video.m3u8,720p,surrit.com
https://missav123.com/en/jur-263-uncensored-leak,,https://surrit.com/d483b855-4121-4a52-b684-d9ef4778653d/playlist.m3u8,playlist,surrit.com
https://missav123.com/en/jur-502-english-subtitle,,https://surrit.com/b096c3f8-c866-4238-b3e1-000c0574f285/1080p/video.m3u8,1080p,surrit.com
https://missav123.com/en/jur-502-english-subtitle,,https://surrit.com/b096c3f8-c866-4238-b3e1-000c0574f285/720p/video.m3u8,720p,surrit.com
https://missav123.com/en/jur-502-english-subtitle,,https://surrit.com/b096c3f8-c866-4238-b3e1-000c0574f285/playlist.m3u8,playlist,surrit.com
https://missav123.com/en/luxu-966-uncensored-leak,,https://surrit.com/bde692b5-1a38-41e4-985f-03feec5a8c08/1080p/video.m3u8,1080p,surrit.com
https://missav123.com/en/luxu-966-uncensored-leak,,https://surrit.com/bde692b5-1a38-41e4-985f-03feec5a8c08/720p/video.m3u8,720p,surrit.com
https://missav123.com/en/luxu-966-uncensored-leak,,https://surrit.com/bde692b5-1a38-41e4-985f-03feec5a8c08/playlist.m3u8,playlist,surrit.com
https://missav123.com/en/meyd-378-uncensored-leak,,https://surrit.com/df265b87-d3ad-42fe-8ce5-905144e1c8ac/1080p/video.m3u8,1080p,surrit.com
https://missav123.com/en/meyd-378-uncensored-leak,,https://surrit.com/df265b87-d3ad-42fe-8ce5-905144e1c8ac/720p/video.m3u8,720p,surrit.com
https://missav123.com/en/meyd-378-uncensored-leak,,https://surrit.com/df265b87-d3ad-42fe-8ce5-905144e1c8ac/playlist.m3u8,playlist,surrit.com
https://missav123.com/en/mfyd-003-english-subtitle,,https://surrit.com/9e21eb6d-8c85-43e3-8fae-2b5cdb7be491/1080p/video.m3u8,1080p,surrit.com
https://missav123.com/en/mfyd-003-english-subtitle,,https://surrit.com/9e21eb6d-8c85-43e3-8fae-2b5cdb7be491/720p/video.m3u8,720p,surrit.com
https://missav123.com/en/mfyd-003-english-subtitle,,https://surrit.com/9e21eb6d-8c85-43e3-8fae-2b5cdb7be491/playlist.m3u8,playlist,surrit.com
https://missav123.com/en/miaa-383-uncensored-leak,,https://surrit.com/a008923d-697d-41b5-9629-6094d3ccf100/1080p/video.m3u8,1080p,surrit.com
https://missav123.com/en/miaa-383-uncensored-leak,,https://surrit.com/a008923d-697d-41b5-9629-6094d3ccf100/720p/video.m3u8,720p,surrit.com
https://missav123.com/en/miaa-383-uncensored-leak,,https://surrit.com/a008923d-697d-41b5-9629-6094d3ccf100/playlist.m3u8,playlist,surrit.com
https://missav123.com/en/mive-001,mive-001,https://surrit.com/5163478c-e051-4a6a-81e6-2bed68c3749a/1080p/video.m3u8,1080p,surrit.com
https://missav123.com/en/mive-001,mive-001,https://surrit.com/5163478c-e051-4a6a-81e6-2bed68c3749a/720p/video.m3u8,720p,surrit.com
https://missav123.com/en/mive-001,mive-001,https://surrit.com/5163478c-e051-4a6a-81e6-2bed68c3749a/playlist.m3u8,playlist,surrit.com
https://missav123.com/en/mkmp-577-uncensored-leak,,https://surrit.com/48f0449a-35da-4644-ab02-f931e4084e84/1080p/video.m3u8,1080p,surrit.com
https://missav123.com/en/mkmp-577-uncensored-leak,,https://surrit.com/48f0449a-35da-4644-ab02-f931e4084e84/720p/video.m3u8,720p,surrit.com
https://missav123.com/en/mkmp-577-uncensored-leak,,https://surrit.com/48f0449a-35da-4644-ab02-f931e4084e84/playlist.m3u8,playlist,surrit.com
https://missav123.com/en/mmkz-166-uncensored-leak,,https://surrit.com/7cf0e6aa-4d9c-4bb1-be9e-322725d5f6e8/1080p/video.m3u8,1080p,surrit.com
https://missav123.com/en/mmkz-166-uncensored-leak,,https://surrit.com/7cf0e6aa-4d9c-4bb1-be9e-322725d5f6e8/720p/video.m3u8,720p,surrit.com
https://missav123.com/en/mmkz-166-uncensored-leak,,https://surrit.com/7cf0e6aa-4d9c-4bb1-be9e-322725d5f6e8/playlist.m3u8,playlist,surrit.com
https://missav123.com/en/mrec-010,mrec-010,https://surrit.com/3993fbf8-a720-471f-b934-82e77f54f414/1080p/video.m3u8,1080p,surrit.com
https://missav123.com/en/mrec-010,mrec-010,https://surrit.com/3993fbf8-a720-471f-b934-82e77f54f414/720p/video.m3u8,720p,surrit.com
https://missav123.com/en/mrec-010,mrec-010,https://surrit.com/3993fbf8-a720-471f-b934-82e77f54f414/playlist.m3u8,720p,surrit.com
https://missav123.com/en/mrxd-047-uncensored-leak,,https://surrit.com/aee708c3-269d-4c82-8963-49eccfd92150/1080p/video.m3u8,1080p,surrit.com
https://missav123.com/en/mrxd-047-uncensored-leak,,https://surrit.com/aee708c3-269d-4c82-8963-49eccfd92150/720p/video.m3u8,720p,surrit.com
https://missav123.com/en/mrxd-047-uncensored-leak,,https://surrit.com/aee708c3-269d-4c82-8963-49eccfd92150/playlist.m3u8,playlist,surrit.com
https://missav123.com/en/mvg-171-uncensored-leak,,https://surrit.com/048b37ba-9d40-467e-a9d3-63f41d31f051/1080p/video.m3u8,1080p,surrit.com
https://missav123.com/en/mvg-171-uncensored-leak,,https://surrit.com/048b37ba-9d40-467e-a9d3-63f41d31f051/720p/video.m3u8,720p,surrit.com
https://missav123.com/en/mvg-171-uncensored-leak,,https://surrit.com/048b37ba-9d40-467e-a9d3-63f41d31f051/playlist.m3u8,playlist,surrit.com
https://missav123.com/en/ngod-255-uncensored-leak,,https://surrit.com/8ddfc2ac-81a1-4166-816d-c791ce788239/1080p/video.m3u8,1080p,surrit.com
https://missav123.com/en/ngod-255-uncensored-leak,,https://surrit.com/8ddfc2ac-81a1-4166-816d-c791ce788239/720p/video.m3u8,720p,surrit.com
https://missav123.com/en/ngod-255-uncensored-leak,,https://surrit.com/8ddfc2ac-81a1-4166-816d-c791ce788239/playlist.m3u8,playlist,surrit.com
https://missav123.com/en/nsfs-143-uncensored-leak,,https://surrit.com/ff9d9ef9-b40b-43de-8b6d-1eef506bd97f/1080p/video.m3u8,1080p,surrit.com
https://missav123.com/en/nsfs-143-uncensored-leak,,https://surrit.com/ff9d9ef9-b40b-43de-8b6d-1eef506bd97f/720p/video.m3u8,720p,surrit.com
https://missav123.com/en/nsfs-143-uncensored-leak,,https://surrit.com/ff9d9ef9-b40b-43de-8b6d-1eef506bd97f/playlist.m3u8,playlist,surrit.com
https://missav123.com/en/pacopacomama-090126_100,,https://surrit.com/5739f594-c5d1-4e2a-a29e-daac3088cacf/720p/video.m3u8,720p,surrit.com
https://missav123.com/en/pacopacomama-090126_100,,https://surrit.com/5739f594-c5d1-4e2a-a29e-daac3088cacf/playlist.m3u8,playlist,surrit.com
https://missav123.com/en/rebdb-1040,rebdb-1040,https://surrit.com/c82c1255-d2e4-488d-9cec-8549f958d1d4/720p/video.m3u8,720p,surrit.com
https://missav123.com/en/rebdb-1040,rebdb-1040,https://surrit.com/c82c1255-d2e4-488d-9cec-8549f958d1d4/playlist.m3u8,playlist,surrit.com
https://missav123.com/en/rebdb-1046,rebdb-1046,https://surrit.com/38ecd84d-d35a-4698-8c20-6a5b08b177cd/720p/video.m3u8,720p,surrit.com
https://missav123.com/en/rebdb-1046,rebdb-1046,https://surrit.com/38ecd84d-d35a-4698-8c20-6a5b08b177cd/playlist.m3u8,playlist,surrit.com
https://missav123.com/en/rki-704-uncensored-leak,,https://surrit.com/2d0506ea-414c-4a3f-a05a-81c9f6213c68/1080p/video.m3u8,1080p,surrit.com
https://missav123.com/en/rki-704-uncensored-leak,,https://surrit.com/2d0506ea-414c-4a3f-a05a-81c9f6213c68/720p/video.m3u8,720p,surrit.com
https://missav123.com/en/rki-704-uncensored-leak,,https://surrit.com/2d0506ea-414c-4a3f-a05a-81c9f6213c68/playlist.m3u8,playlist,surrit.com
https://missav123.com/en/roe-356-english-subtitle,,https://surrit.com/c09dfa46-3afb-4c71-860f-d1994fed119c/1080p/video.m3u8,1080p,surrit.com
https://missav123.com/en/roe-356-english-subtitle,,https://surrit.com/c09dfa46-3afb-4c71-860f-d1994fed119c/720p/video.m3u8,720p,surrit.com
https://missav123.com/en/roe-356-english-subtitle,,https://surrit.com/c09dfa46-3afb-4c71-860f-d1994fed119c/playlist.m3u8,playlist,surrit.com
https://missav123.com/en/roe-450-english-subtitle,,https://surrit.com/dd9eced1-08b9-40e1-a32f-dea1bf6f1e3c/1080p/video.m3u8,1080p,surrit.com
https://missav123.com/en/roe-450-english-subtitle,,https://surrit.com/dd9eced1-08b9-40e1-a32f-dea1bf6f1e3c/720p/video.m3u8,720p,surrit.com
https://missav123.com/en/roe-450-english-subtitle,,https://surrit.com/dd9eced1-08b9-40e1-a32f-dea1bf6f1e3c/playlist.m3u8,playlist,surrit.com
https://missav123.com/en/roe-459-english-subtitle,,https://surrit.com/9bf9d376-d1d5-4626-a4e9-ce5b90d86dea/480p/video.m3u8,480p,surrit.com
https://missav123.com/en/roe-459-english-subtitle,,https://surrit.com/9bf9d376-d1d5-4626-a4e9-ce5b90d86dea/playlist.m3u8,playlist,surrit.com
https://missav123.com/en/roe-468-english-subtitle,,https://surrit.com/770baa4a-bb99-437a-877e-49a29b3e9b14/480p/video.m3u8,480p,surrit.com
https://missav123.com/en/roe-468-english-subtitle,,https://surrit.com/770baa4a-bb99-437a-877e-49a29b3e9b14/playlist.m3u8,playlist,surrit.com
https://missav123.com/en/royd-224-uncensored-leak,,https://surrit.com/a32bee3f-f8d3-4ba5-b4b5-2a7d8e7c1137/1080p/video.m3u8,1080p,surrit.com
https://missav123.com/en/royd-224-uncensored-leak,,https://surrit.com/a32bee3f-f8d3-4ba5-b4b5-2a7d8e7c1137/720p/video.m3u8,720p,surrit.com
https://missav123.com/en/royd-224-uncensored-leak,,https://surrit.com/a32bee3f-f8d3-4ba5-b4b5-2a7d8e7c1137/playlist.m3u8,playlist,surrit.com
https://missav123.com/en/same-158-english-subtitle,,https://surrit.com/0322b79b-5a67-4e0e-a851-a8f445a9d954/1080p/video.m3u8,1080p,surrit.com
https://missav123.com/en/same-158-english-subtitle,,https://surrit.com/0322b79b-5a67-4e0e-a851-a8f445a9d954/720p/video.m3u8,720p,surrit.com
https://missav123.com/en/same-158-english-subtitle,,https://surrit.com/0322b79b-5a67-4e0e-a851-a8f445a9d954/playlist.m3u8,playlist,surrit.com
https://missav123.com/en/san-487-uncensored-leak,,https://surrit.com/ea20eda2-96f5-4131-81a0-3307e55a5bd2/1080p/video.m3u8,1080p,surrit.com
https://missav123.com/en/san-487-uncensored-leak,,https://surrit.com/ea20eda2-96f5-4131-81a0-3307e55a5bd2/720p/video.m3u8,720p,surrit.com
https://missav123.com/en/san-487-uncensored-leak,,https://surrit.com/ea20eda2-96f5-4131-81a0-3307e55a5bd2/playlist.m3u8,playlist,surrit.com
https://missav123.com/en/siro-5701-uncensored-leak,,https://surrit.com/10595fe3-cf7e-4a7f-a433-cfb5229a8aac/1080p/video.m3u8,1080p,surrit.com
https://missav123.com/en/siro-5701-uncensored-leak,,https://surrit.com/10595fe3-cf7e-4a7f-a433-cfb5229a8aac/720p/video.m3u8,720p,surrit.com
https://missav123.com/en/siro-5701-uncensored-leak,,https://surrit.com/10595fe3-cf7e-4a7f-a433-cfb5229a8aac/playlist.m3u8,playlist,surrit.com
https://missav123.com/en/siro-5731,siro-5731,https://surrit.com/79b409ab-8682-499b-a6a5-0dca6fe6f503/720p/video.m3u8,720p,surrit.com
https://missav123.com/en/siro-5731,siro-5731,https://surrit.com/79b409ab-8682-499b-a6a5-0dca6fe6f503/playlist.m3u8,playlist,surrit.com
https://missav123.com/en/snos-163-english-subtitle,,https://surrit.com/308853d1-cd51-451d-a391-8d35a22855a9/480p/video.m3u8,480p,surrit.com
https://missav123.com/en/snos-163-english-subtitle,,https://surrit.com/308853d1-cd51-451d-a391-8d35a22855a9/playlist.m3u8,playlist,surrit.com
https://missav123.com/en/snos-290-uncensored-leak,,https://surrit.com/1827fbaa-64eb-4fe9-b5d9-ddc836b26c37/1080p/video.m3u8,1080p,surrit.com
https://missav123.com/en/snos-290-uncensored-leak,,https://surrit.com/1827fbaa-64eb-4fe9-b5d9-ddc836b26c37/720p/video.m3u8,720p,surrit.com
https://missav123.com/en/snos-290-uncensored-leak,,https://surrit.com/1827fbaa-64eb-4fe9-b5d9-ddc836b26c37/playlist.m3u8,playlist,surrit.com
https://missav123.com/en/snos-311-uncensored-leak,,https://surrit.com/90fbe13a-3c2d-41e0-bd4c-e9bfb6cd21ef/1080p/video.m3u8,1080p,surrit.com
https://missav123.com/en/snos-311-uncensored-leak,,https://surrit.com/90fbe13a-3c2d-41e0-bd4c-e9bfb6cd21ef/720p/video.m3u8,720p,surrit.com
https://missav123.com/en/snos-311-uncensored-leak,,https://surrit.com/90fbe13a-3c2d-41e0-bd4c-e9bfb6cd21ef/playlist.m3u8,playlist,surrit.com
https://missav123.com/en/snos-315-uncensored-leak,,https://surrit.com/9166bd36-9a73-491f-b0c7-b4c5cb56d515/1080p/video.m3u8,1080p,surrit.com
https://missav123.com/en/snos-315-uncensored-leak,,https://surrit.com/9166bd36-9a73-491f-b0c7-b4c5cb56d515/720p/video.m3u8,720p,surrit.com
https://missav123.com/en/snos-315-uncensored-leak,,https://surrit.com/9166bd36-9a73-491f-b0c7-b4c5cb56d515/playlist.m3u8,playlist,surrit.com
https://missav123.com/en/snos-317-uncensored-leak,,https://surrit.com/f24dd61e-e1dd-4f71-8626-69ca2be3b792/1080p/video.m3u8,1080p,surrit.com
https://missav123.com/en/snos-317-uncensored-leak,,https://surrit.com/f24dd61e-e1dd-4f71-8626-69ca2be3b792/720p/video.m3u8,720p,surrit.com
https://missav123.com/en/snos-317-uncensored-leak,,https://surrit.com/f24dd61e-e1dd-4f71-8626-69ca2be3b792/playlist.m3u8,playlist,surrit.com
https://missav123.com/en/snos-333-uncensored-leak,,https://surrit.com/6e547b43-4655-44b5-8ac0-3639c7dde0f7/1080p/video.m3u8,1080p,surrit.com
https://missav123.com/en/snos-333-uncensored-leak,,https://surrit.com/6e547b43-4655-44b5-8ac0-3639c7dde0f7/720p/video.m3u8,720p,surrit.com
https://missav123.com/en/snos-333-uncensored-leak,,https://surrit.com/6e547b43-4655-44b5-8ac0-3639c7dde0f7/playlist.m3u8,playlist,surrit.com
https://missav123.com/en/snos-346-uncensored-leak,,https://surrit.com/a11b1399-91dc-4e75-9e92-9bf3f0ec4070/1080p/video.m3u8,1080p,surrit.com
https://missav123.com/en/snos-346-uncensored-leak,,https://surrit.com/a11b1399-91dc-4e75-9e92-9bf3f0ec4070/720p/video.m3u8,720p,surrit.com
https://missav123.com/en/snos-346-uncensored-leak,,https://surrit.com/a11b1399-91dc-4e75-9e92-9bf3f0ec4070/playlist.m3u8,playlist,surrit.com
https://missav123.com/en/snos-351-uncensored-leak,,https://surrit.com/5d654f6e-d4f6-448b-8875-6aff968ed703/1080p/video.m3u8,1080p,surrit.com
https://missav123.com/en/snos-351-uncensored-leak,,https://surrit.com/5d654f6e-d4f6-448b-8875-6aff968ed703/720p/video.m3u8,720p,surrit.com
https://missav123.com/en/snos-351-uncensored-leak,,https://surrit.com/5d654f6e-d4f6-448b-8875-6aff968ed703/playlist.m3u8,playlist,surrit.com
https://missav123.com/en/snos-352-uncensored-leak,,https://surrit.com/ec306a5c-bbf8-41e0-ad38-ffe901bfa40d/1080p/video.m3u8,1080p,surrit.com
https://missav123.com/en/snos-352-uncensored-leak,,https://surrit.com/ec306a5c-bbf8-41e0-ad38-ffe901bfa40d/720p/video.m3u8,720p,surrit.com
https://missav123.com/en/snos-352-uncensored-leak,,https://surrit.com/ec306a5c-bbf8-41e0-ad38-ffe901bfa40d/playlist.m3u8,playlist,surrit.com
https://missav123.com/en/snos-360-uncensored-leak,,https://surrit.com/bf47fe4d-69b4-496b-92bb-00d9e1786ae2/1080p/video.m3u8,1080p,surrit.com
https://missav123.com/en/snos-360-uncensored-leak,,https://surrit.com/bf47fe4d-69b4-496b-92bb-00d9e1786ae2/720p/video.m3u8,720p,surrit.com
https://missav123.com/en/snos-360-uncensored-leak,,https://surrit.com/bf47fe4d-69b4-496b-92bb-00d9e1786ae2/playlist.m3u8,playlist,surrit.com
https://missav123.com/en/snos-362-uncensored-leak,,https://surrit.com/16a03a3e-a3a9-4e7c-b65f-a83dd2252c7d/1080p/video.m3u8,1080p,surrit.com
https://missav123.com/en/snos-362-uncensored-leak,,https://surrit.com/16a03a3e-a3a9-4e7c-b65f-a83dd2252c7d/720p/video.m3u8,720p,surrit.com
https://missav123.com/en/snos-362-uncensored-leak,,https://surrit.com/16a03a3e-a3a9-4e7c-b65f-a83dd2252c7d/playlist.m3u8,playlist,surrit.com
https://missav123.com/en/snos-365-uncensored-leak,,https://surrit.com/8624e4d8-5f91-4f7a-bbb3-5bbc36c474cb/1080p/video.m3u8,1080p,surrit.com
https://missav123.com/en/snos-365-uncensored-leak,,https://surrit.com/8624e4d8-5f91-4f7a-bbb3-5bbc36c474cb/720p/video.m3u8,720p,surrit.com
https://missav123.com/en/snos-365-uncensored-leak,,https://surrit.com/8624e4d8-5f91-4f7a-bbb3-5bbc36c474cb/playlist.m3u8,playlist,surrit.com
https://missav123.com/en/snos-371-uncensored-leak,,https://surrit.com/544636ad-3ca3-48c0-948a-ac8421c5062b/1080p/video.m3u8,1080p,surrit.com
https://missav123.com/en/snos-371-uncensored-leak,,https://surrit.com/544636ad-3ca3-48c0-948a-ac8421c5062b/720p/video.m3u8,720p,surrit.com
https://missav123.com/en/snos-371-uncensored-leak,,https://surrit.com/544636ad-3ca3-48c0-948a-ac8421c5062b/playlist.m3u8,playlist,surrit.com
https://missav123.com/en/snos-373-uncensored-leak,,https://surrit.com/f63fe014-a52c-4878-8744-6b51453d1ef4/1080p/video.m3u8,1080p,surrit.com
https://missav123.com/en/snos-373-uncensored-leak,,https://surrit.com/f63fe014-a52c-4878-8744-6b51453d1ef4/720p/video.m3u8,720p,surrit.com
https://missav123.com/en/snos-373-uncensored-leak,,https://surrit.com/f63fe014-a52c-4878-8744-6b51453d1ef4/playlist.m3u8,playlist,surrit.com
https://missav123.com/en/sone-582-uncensored-leak,,https://surrit.com/6781ea7a-41fb-4a8c-9794-c9e6e561f1c6/1080p/video.m3u8,1080p,surrit.com
https://missav123.com/en/sone-582-uncensored-leak,,https://surrit.com/6781ea7a-41fb-4a8c-9794-c9e6e561f1c6/720p/video.m3u8,720p,surrit.com
https://missav123.com/en/sone-582-uncensored-leak,,https://surrit.com/6781ea7a-41fb-4a8c-9794-c9e6e561f1c6/playlist.m3u8,playlist,surrit.com
https://missav123.com/en/sone-607-uncensored-leak,,https://surrit.com/a0c42846-686d-4349-9654-1a7c9ab76a35/1080p/video.m3u8,1080p,surrit.com
https://missav123.com/en/sone-607-uncensored-leak,,https://surrit.com/a0c42846-686d-4349-9654-1a7c9ab76a35/720p/video.m3u8,720p,surrit.com
https://missav123.com/en/sone-607-uncensored-leak,,https://surrit.com/a0c42846-686d-4349-9654-1a7c9ab76a35/playlist.m3u8,playlist,surrit.com
https://missav123.com/en/sone-620-uncensored-leak,,https://surrit.com/8fb4400a-3b2a-441a-94f4-762b4d4c020c/1080p/video.m3u8,1080p,surrit.com
https://missav123.com/en/sone-620-uncensored-leak,,https://surrit.com/8fb4400a-3b2a-441a-94f4-762b4d4c020c/720p/video.m3u8,720p,surrit.com
https://missav123.com/en/sone-620-uncensored-leak,,https://surrit.com/8fb4400a-3b2a-441a-94f4-762b4d4c020c/playlist.m3u8,playlist,surrit.com
https://missav123.com/en/sone-621-uncensored-leak,,https://surrit.com/9b64c907-5c30-444e-b2dd-70bc53a01504/1080p/video.m3u8,1080p,surrit.com
https://missav123.com/en/sone-621-uncensored-leak,,https://surrit.com/9b64c907-5c30-444e-b2dd-70bc53a01504/720p/video.m3u8,720p,surrit.com
https://missav123.com/en/sone-621-uncensored-leak,,https://surrit.com/9b64c907-5c30-444e-b2dd-70bc53a01504/playlist.m3u8,playlist,surrit.com
https://missav123.com/en/sone-631-uncensored-leak,,https://surrit.com/8bc1b6d5-af4d-4172-8a9d-9abd7363e9e4/1080p/video.m3u8,1080p,surrit.com
https://missav123.com/en/sone-631-uncensored-leak,,https://surrit.com/8bc1b6d5-af4d-4172-8a9d-9abd7363e9e4/720p/video.m3u8,720p,surrit.com
https://missav123.com/en/sone-631-uncensored-leak,,https://surrit.com/8bc1b6d5-af4d-4172-8a9d-9abd7363e9e4/playlist.m3u8,playlist,surrit.com
https://missav123.com/en/sone-634-uncensored-leak,,https://surrit.com/845adbef-b1b3-40d0-a7ee-d36dd34a6e39/1080p/video.m3u8,1080p,surrit.com
https://missav123.com/en/sone-634-uncensored-leak,,https://surrit.com/845adbef-b1b3-40d0-a7ee-d36dd34a6e39/720p/video.m3u8,720p,surrit.com
https://missav123.com/en/sone-634-uncensored-leak,,https://surrit.com/845adbef-b1b3-40d0-a7ee-d36dd34a6e39/playlist.m3u8,playlist,surrit.com
https://missav123.com/en/sone-636-uncensored-leak,,https://surrit.com/c1fe1e4e-bdd0-4eeb-81fe-af5652311dfa/1080p/video.m3u8,1080p,surrit.com
https://missav123.com/en/sone-636-uncensored-leak,,https://surrit.com/c1fe1e4e-bdd0-4eeb-81fe-af5652311dfa/720p/video.m3u8,720p,surrit.com
https://missav123.com/en/sone-636-uncensored-leak,,https://surrit.com/c1fe1e4e-bdd0-4eeb-81fe-af5652311dfa/playlist.m3u8,playlist,surrit.com
https://missav123.com/en/sone-639-uncensored-leak,,https://surrit.com/9e04e339-be52-4272-81db-5a82ac74fbcb/1080p/video.m3u8,1080p,surrit.com
https://missav123.com/en/sone-639-uncensored-leak,,https://surrit.com/9e04e339-be52-4272-81db-5a82ac74fbcb/720p/video.m3u8,720p,surrit.com
https://missav123.com/en/sone-639-uncensored-leak,,https://surrit.com/9e04e339-be52-4272-81db-5a82ac74fbcb/playlist.m3u8,playlist,surrit.com
https://missav123.com/en/sora-645-uncensored-leak,,https://surrit.com/628f89db-b958-45c8-97b1-3affd9b0897a/1080p/video.m3u8,1080p,surrit.com
https://missav123.com/en/sora-645-uncensored-leak,,https://surrit.com/628f89db-b958-45c8-97b1-3affd9b0897a/720p/video.m3u8,720p,surrit.com
https://missav123.com/en/sora-645-uncensored-leak,,https://surrit.com/628f89db-b958-45c8-97b1-3affd9b0897a/playlist.m3u8,playlist,surrit.com
https://missav123.com/en/sqte-573-uncensored-leak,,https://surrit.com/2ec65f5f-e7ab-4752-88cf-0f61684753e9/1080p/video.m3u8,1080p,surrit.com
https://missav123.com/en/sqte-573-uncensored-leak,,https://surrit.com/2ec65f5f-e7ab-4752-88cf-0f61684753e9/720p/video.m3u8,720p,surrit.com
https://missav123.com/en/sqte-573-uncensored-leak,,https://surrit.com/2ec65f5f-e7ab-4752-88cf-0f61684753e9/playlist.m3u8,playlist,surrit.com
https://missav123.com/en/stars-342-uncensored-leak,,https://surrit.com/4373901e-8cf6-4b67-833c-048d6ef9f87e/720p/video.m3u8,720p,surrit.com
https://missav123.com/en/stars-342-uncensored-leak,,https://surrit.com/4373901e-8cf6-4b67-833c-048d6ef9f87e/playlist.m3u8,playlist,surrit.com
https://missav123.com/en/start-242-uncensored-leak,,https://surrit.com/bf8df2db-8e96-41e7-a8a9-b89fa796f22c/720p/video.m3u8,720p,surrit.com
https://missav123.com/en/start-242-uncensored-leak,,https://surrit.com/bf8df2db-8e96-41e7-a8a9-b89fa796f22c/playlist.m3u8,playlist,surrit.com
https://missav123.com/en/start-262-uncensored-leak,,https://surrit.com/0cec3826-094c-4179-95db-3cbcc1b8cb4c/1080p/video.m3u8,1080p,surrit.com
https://missav123.com/en/start-262-uncensored-leak,,https://surrit.com/0cec3826-094c-4179-95db-3cbcc1b8cb4c/720p/video.m3u8,720p,surrit.com
https://missav123.com/en/start-262-uncensored-leak,,https://surrit.com/0cec3826-094c-4179-95db-3cbcc1b8cb4c/playlist.m3u8,playlist,surrit.com
https://missav123.com/en/start-602,start-602,https://surrit.com/fd16c278-b6aa-490c-bc71-a1fd6b228f5f/1080p/video.m3u8,1080p,surrit.com
https://missav123.com/en/start-602,start-602,https://surrit.com/fd16c278-b6aa-490c-bc71-a1fd6b228f5f/720p/video.m3u8,720p,surrit.com
https://missav123.com/en/start-602,start-602,https://surrit.com/fd16c278-b6aa-490c-bc71-a1fd6b228f5f/playlist.m3u8,playlist,surrit.com
https://missav123.com/en/start-625,start-625,https://surrit.com/dc0e7d6a-43b7-464f-a0bc-7078b887558a/1080p/video.m3u8,1080p,surrit.com
https://missav123.com/en/start-625,start-625,https://surrit.com/dc0e7d6a-43b7-464f-a0bc-7078b887558a/720p/video.m3u8,720p,surrit.com
https://missav123.com/en/start-625,start-625,https://surrit.com/dc0e7d6a-43b7-464f-a0bc-7078b887558a/playlist.m3u8,playlist,surrit.com
https://missav123.com/en/start-635,start-635,https://surrit.com/cf291334-4962-4caa-a777-d172e89b914a/1080p/video.m3u8,1080p,surrit.com
https://missav123.com/en/start-635,start-635,https://surrit.com/cf291334-4962-4caa-a777-d172e89b914a/720p/video.m3u8,720p,surrit.com
https://missav123.com/en/start-635,start-635,https://surrit.com/cf291334-4962-4caa-a777-d172e89b914a/playlist.m3u8,playlist,surrit.com
https://missav123.com/en/tchr-029-uncensored-leak,,https://surrit.com/b9ebf85c-f31e-4dee-8bd9-b98dfc0d4398/1080p/video.m3u8,1080p,surrit.com
https://missav123.com/en/tchr-029-uncensored-leak,,https://surrit.com/b9ebf85c-f31e-4dee-8bd9-b98dfc0d4398/720p/video.m3u8,720p,surrit.com
https://missav123.com/en/tchr-029-uncensored-leak,,https://surrit.com/b9ebf85c-f31e-4dee-8bd9-b98dfc0d4398/playlist.m3u8,playlist,surrit.com
https://missav123.com/en/vec-687-uncensored-leak,,https://surrit.com/46d0a29a-2a9c-4505-9dcd-49d645009882/1080p/video.m3u8,1080p,surrit.com
https://missav123.com/en/vec-687-uncensored-leak,,https://surrit.com/46d0a29a-2a9c-4505-9dcd-49d645009882/720p/video.m3u8,720p,surrit.com
https://missav123.com/en/vec-687-uncensored-leak,,https://surrit.com/46d0a29a-2a9c-4505-9dcd-49d645009882/playlist.m3u8,playlist,surrit.com
https://missav123.com/en/vec-787-uncensored-leak,,https://surrit.com/d2250e7c-4c0b-4347-a5e4-d4346a355374/1080p/video.m3u8,1080p,surrit.com
https://missav123.com/en/vec-787-uncensored-leak,,https://surrit.com/d2250e7c-4c0b-4347-a5e4-d4346a355374/720p/video.m3u8,720p,surrit.com
https://missav123.com/en/vec-787-uncensored-leak,,https://surrit.com/d2250e7c-4c0b-4347-a5e4-d4346a355374/playlist.m3u8,playlist,surrit.com
https://missav123.com/en/vrnc-043-uncensored-leak,,https://surrit.com/8951440a-2d58-4345-9065-d68af1d614f7/720p/video.m3u8,720p,surrit.com
https://missav123.com/en/vrnc-043-uncensored-leak,,https://surrit.com/8951440a-2d58-4345-9065-d68af1d614f7/playlist.m3u8,playlist,surrit.com
